"../../../Engine/Plugins/2D/Paper2D/Content/PlaceholderTextures/DummySpriteTexture.ubulk" 0
"../../../Engine/Plugins/2D/Paper2D/Content/PlaceholderTextures/DummySpriteTexture.uasset" 1
"../../../Engine/Plugins/2D/Paper2D/Content/PlaceholderTextures/DummySpriteTexture.uexp" 2
"../../../Engine/Plugins/2D/Paper2D/Content/DummySprite.uasset" 3
"../../../Engine/Plugins/2D/Paper2D/Content/DummySprite.uexp" 4
"../../../Engine/Plugins/2D/Paper2D/Content/DefaultPaperTerrainMaterial.uasset" 5
"../../../Engine/Plugins/2D/Paper2D/Content/DefaultPaperTerrainMaterial.uexp" 6
"../../../Engine/Plugins/Animation/ACLPlugin/Content/ACLAnimBoneCompressionSettings.uasset" 7
"../../../Engine/Plugins/Animation/ACLPlugin/Content/ACLAnimBoneCompressionSettings.uexp" 8
"../../../Engine/Plugins/FX/NiagaraFluids/Content/NDC_Grid3D_Gas.uasset" 9
"../../../Engine/Plugins/FX/NiagaraFluids/Content/NDC_Grid3D_Gas.uexp" 10
"../../../Engine/Content/EngineFonts/Faces/DroidSansFallback.uexp" 11
"../../../Engine/Content/EngineFonts/Faces/DroidSansFallback.uasset" 12
"../../../Engine/Content/EngineFonts/Faces/DroidSansFallback.ufont" 13
"../../../Engine/Content/EngineFonts/Faces/RobotoBold.uexp" 14
"../../../Engine/Content/EngineFonts/Faces/RobotoBold.uasset" 15
"../../../Engine/Content/EngineFonts/Faces/RobotoBold.ufont" 16
"../../../Engine/Content/EngineFonts/Faces/RobotoBoldItalic.uexp" 17
"../../../Engine/Content/EngineFonts/Faces/RobotoBoldItalic.uasset" 18
"../../../Engine/Content/EngineFonts/Faces/RobotoBoldItalic.ufont" 19
"../../../Engine/Content/EngineFonts/Faces/RobotoItalic.uexp" 20
"../../../Engine/Content/EngineFonts/Faces/RobotoItalic.uasset" 21
"../../../Engine/Content/EngineFonts/Faces/RobotoItalic.ufont" 22
"../../../Engine/Content/EngineFonts/Faces/RobotoLight.uexp" 23
"../../../Engine/Content/EngineFonts/Faces/RobotoLight.uasset" 24
"../../../Engine/Content/EngineFonts/Faces/RobotoLight.ufont" 25
"../../../Engine/Content/EngineFonts/Faces/RobotoRegular.uexp" 26
"../../../Engine/Content/EngineFonts/Faces/RobotoRegular.uasset" 27
"../../../Engine/Content/EngineFonts/Faces/RobotoRegular.ufont" 28
"../../../Engine/Content/EngineFonts/Roboto.uasset" 29
"../../../Engine/Content/EngineFonts/Roboto.uexp" 30
"../../../Engine/Content/EngineMaterials/DefaultDestructiblePhysicalMaterial.uasset" 31
"../../../Engine/Content/EngineMaterials/DefaultDestructiblePhysicalMaterial.uexp" 32
"../../../Engine/Content/EngineMaterials/DefaultPhysicalMaterial.uasset" 33
"../../../Engine/Content/EngineMaterials/DefaultPhysicalMaterial.uexp" 34
"../../../Engine/Content/EngineSounds/Master.uasset" 35
"../../../Engine/Content/EngineSounds/Master.uexp" 36
"../../../Engine/Plugins/Experimental/Water/Content/Waves/GerstnerWaves_Lake.uasset" 37
"../../../Engine/Plugins/Experimental/Water/Content/Waves/GerstnerWaves_Lake.uexp" 38
"../../../Engine/Plugins/Experimental/Water/Content/Waves/GerstnerWaves_Ocean.uasset" 39
"../../../Engine/Plugins/Experimental/Water/Content/Waves/GerstnerWaves_Ocean.uexp" 40
"../../../Engine/Content/EngineMaterials/T_Default_Material_Grid_M.ubulk" 41
"../../../Engine/Content/EngineMaterials/T_Default_Material_Grid_M.uasset" 42
"../../../Engine/Content/EngineMaterials/T_Default_Material_Grid_M.uexp" 43
"../../../Engine/Content/EngineMaterials/T_Default_Material_Grid_N.ubulk" 44
"../../../Engine/Content/EngineMaterials/T_Default_Material_Grid_N.uasset" 45
"../../../Engine/Content/EngineMaterials/T_Default_Material_Grid_N.uexp" 46
"../../../Engine/Content/Functions/Engine_MaterialFunctions01/Opacity/CameraDepthFade.uasset" 47
"../../../Engine/Content/Functions/Engine_MaterialFunctions01/Opacity/CameraDepthFade.uexp" 48
"../../../Engine/Content/EngineMaterials/WorldGridMaterial.uasset" 49
"../../../Engine/Content/EngineMaterials/WorldGridMaterial.uexp" 50
"../../../Engine/Plugins/Animation/ControlRig/Content/Controls/ControlRig_Star4_solid.ubulk" 51
"../../../Engine/Plugins/Animation/ControlRig/Content/Controls/ControlRig_Star4_solid.uasset" 52
"../../../Engine/Plugins/Animation/ControlRig/Content/Controls/ControlRig_Star4_solid.uexp" 53
"../../../Engine/Plugins/Animation/ControlRig/Content/Controls/ControlRig_Triangle_1mm.ubulk" 54
"../../../Engine/Plugins/Animation/ControlRig/Content/Controls/ControlRig_Triangle_1mm.uasset" 55
"../../../Engine/Plugins/Animation/ControlRig/Content/Controls/ControlRig_Triangle_1mm.uexp" 56
"../../../Engine/Plugins/Animation/ControlRig/Content/Controls/ControlRig_Triangle_3mm.ubulk" 57
"../../../Engine/Plugins/Animation/ControlRig/Content/Controls/ControlRig_Triangle_3mm.uasset" 58
"../../../Engine/Plugins/Animation/ControlRig/Content/Controls/ControlRig_Triangle_3mm.uexp" 59
"../../../Engine/Plugins/Animation/ControlRig/Content/Controls/ControlRig_Triangle_solid.ubulk" 60
"../../../Engine/Plugins/Animation/ControlRig/Content/Controls/ControlRig_Triangle_solid.uasset" 61
"../../../Engine/Plugins/Animation/ControlRig/Content/Controls/ControlRig_Triangle_solid.uexp" 62
"../../../Engine/Plugins/Animation/ControlRig/Content/Controls/ControlRig_Wedge_1mm.ubulk" 63
"../../../Engine/Plugins/Animation/ControlRig/Content/Controls/ControlRig_Wedge_1mm.uasset" 64
"../../../Engine/Plugins/Animation/ControlRig/Content/Controls/ControlRig_Wedge_1mm.uexp" 65
"../../../Engine/Plugins/Animation/ControlRig/Content/Controls/ControlRig_Wedge_3mm.ubulk" 66
"../../../Engine/Plugins/Animation/ControlRig/Content/Controls/ControlRig_Wedge_3mm.uasset" 67
"../../../Engine/Plugins/Animation/ControlRig/Content/Controls/ControlRig_Wedge_3mm.uexp" 68
"../../../Engine/Plugins/Animation/ControlRig/Content/Controls/ControlRig_Wedge_solid.ubulk" 69
"../../../Engine/Plugins/Animation/ControlRig/Content/Controls/ControlRig_Wedge_solid.uasset" 70
"../../../Engine/Plugins/Animation/ControlRig/Content/Controls/ControlRig_Wedge_solid.uexp" 71
"../../../Engine/Content/Functions/Engine_MaterialFunctions02/Utility/MakeFloat3.uasset" 72
"../../../Engine/Content/Functions/Engine_MaterialFunctions02/Utility/MakeFloat3.uexp" 73
"../../../Engine/Content/Functions/Engine_MaterialFunctions02/SplitComponents.uasset" 74
"../../../Engine/Content/Functions/Engine_MaterialFunctions02/SplitComponents.uexp" 75
"../../../Engine/Content/Functions/Engine_MaterialFunctions02/Utility/BreakOutFloat3Components.uasset" 76
"../../../Engine/Content/Functions/Engine_MaterialFunctions02/Utility/BreakOutFloat3Components.uexp" 77
"../../../Engine/Content/Functions/Engine_MaterialFunctions02/Math/Transform3x3Matrix.uasset" 78
"../../../Engine/Content/Functions/Engine_MaterialFunctions02/Math/Transform3x3Matrix.uexp" 79
"../../../Engine/Content/VREditor/SnapGrid/SnapGridMaterial.uasset" 80
"../../../Engine/Content/VREditor/SnapGrid/SnapGridMaterial.uexp" 81
"../../../Engine/Content/VREditor/SnapGrid/SnapGridPlaneMesh.ubulk" 82
"../../../Engine/Content/VREditor/SnapGrid/SnapGridPlaneMesh.uasset" 83
"../../../Engine/Content/VREditor/SnapGrid/SnapGridPlaneMesh.uexp" 84
"../../../Engine/Content/VREditor/LaserPointer/VR_LaserPower_01.ubulk" 85
"../../../Engine/Content/VREditor/LaserPointer/VR_LaserPower_01.uasset" 86
"../../../Engine/Content/VREditor/LaserPointer/VR_LaserPower_01.uexp" 87
"../../../Engine/Content/VREditor/TransformGizmo/TransformGizmoMaterial.uasset" 88
"../../../Engine/Content/VREditor/TransformGizmo/TransformGizmoMaterial.uexp" 89
"../../../Engine/Content/VREditor/TransformGizmo/TranslucentTransformGizmoMaterial.uasset" 90
"../../../Engine/Content/VREditor/TransformGizmo/TranslucentTransformGizmoMaterial.uexp" 91
"../../../Engine/Content/VREditor/TransformGizmo/PlaneTranslationHandle.ubulk" 92
"../../../Engine/Content/VREditor/TransformGizmo/PlaneTranslationHandle.uasset" 93
"../../../Engine/Content/VREditor/TransformGizmo/PlaneTranslationHandle.uexp" 94
"../../../Engine/Content/VREditor/TransformGizmo/RotationHandleFull.ubulk" 95
"../../../Engine/Content/VREditor/TransformGizmo/RotationHandleFull.uasset" 96
"../../../Engine/Content/VREditor/TransformGizmo/RotationHandleFull.uexp" 97
"../../../Engine/Content/VREditor/TransformGizmo/RotationHandleIndicator.ubulk" 98
"../../../Engine/Content/VREditor/TransformGizmo/RotationHandleIndicator.uasset" 99
"../../../Engine/Content/VREditor/TransformGizmo/RotationHandleIndicator.uexp" 100
"../../../Engine/Content/VREditor/TransformGizmo/RotationHandleQuarter.ubulk" 101
"../../../Engine/Content/VREditor/TransformGizmo/RotationHandleQuarter.uasset" 102
"../../../Engine/Content/VREditor/TransformGizmo/RotationHandleQuarter.uexp" 103
"../../../Engine/Content/VREditor/TransformGizmo/StartRotationHandleIndicator.ubulk" 104
"../../../Engine/Content/VREditor/TransformGizmo/StartRotationHandleIndicator.uasset" 105
"../../../Engine/Content/VREditor/TransformGizmo/StartRotationHandleIndicator.uexp" 106
"../../../Engine/Content/VREditor/TransformGizmo/TranslucentTransformGizmoMaterial_Inst.uasset" 107
"../../../Engine/Content/VREditor/TransformGizmo/TranslucentTransformGizmoMaterial_Inst.uexp" 108
"../../../Engine/Content/VREditor/TransformGizmo/TransformGizmoFreeRotation.ubulk" 109
"../../../Engine/Content/VREditor/TransformGizmo/TransformGizmoFreeRotation.uasset" 110
"../../../Engine/Content/VREditor/TransformGizmo/TransformGizmoFreeRotation.uexp" 111
"../../../Engine/Content/VREditor/TransformGizmo/TransformGizmoMaterial_Inst.uasset" 112
"../../../Engine/Content/VREditor/TransformGizmo/TransformGizmoMaterial_Inst.uexp" 113
"../../../Engine/Content/VREditor/TransformGizmo/TranslateArrowHandle.ubulk" 114
"../../../Engine/Content/VREditor/TransformGizmo/TranslateArrowHandle.uasset" 115
"../../../Engine/Content/VREditor/TransformGizmo/TranslateArrowHandle.uexp" 116
"../../../Engine/Content/VREditor/TransformGizmo/UniformScaleHandle.ubulk" 117
"../../../Engine/Content/VREditor/TransformGizmo/UniformScaleHandle.uasset" 118
"../../../Engine/Content/VREditor/TransformGizmo/UniformScaleHandle.uexp" 119
"../../../Engine/Content/VREditor/Sounds/UI/Drop_Item_From_ContentBrowser.ubulk" 120
"../../../Engine/Content/VREditor/Sounds/UI/Drop_Item_From_ContentBrowser.uasset" 121
"../../../Engine/Content/VREditor/Sounds/UI/Drop_Item_From_ContentBrowser.uexp" 122
"../../../Engine/Content/VREditor/Sounds/UI/Gizmo_Handle_Clicked.ubulk" 123
"../../../Engine/Content/VREditor/Sounds/UI/Gizmo_Handle_Clicked.uasset" 124
"../../../Engine/Content/VREditor/Sounds/UI/Gizmo_Handle_Clicked.uexp" 125
"../../../Engine/Content/VREditor/Sounds/UI/Object_PickUp.ubulk" 126
"../../../Engine/Content/VREditor/Sounds/UI/Object_PickUp.uasset" 127
"../../../Engine/Content/VREditor/Sounds/UI/Object_PickUp.uexp" 128
"../../../Engine/Content/VREditor/Sounds/UI/Object_Snaps_To_Another_Actor.ubulk" 129
"../../../Engine/Content/VREditor/Sounds/UI/Object_Snaps_To_Another_Actor.uasset" 130
"../../../Engine/Content/VREditor/Sounds/UI/Object_Snaps_To_Another_Actor.uexp" 131
"../../../Engine/Content/VREditor/Sounds/UI/Object_Snaps_To_Grid.ubulk" 132
"../../../Engine/Content/VREditor/Sounds/UI/Object_Snaps_To_Grid.uasset" 133
"../../../Engine/Content/VREditor/Sounds/UI/Object_Snaps_To_Grid.uexp" 134
"../../../Engine/Content/VREditor/Sounds/UI/Scaling_Down.ubulk" 135
"../../../Engine/Content/VREditor/Sounds/UI/Scaling_Down.uasset" 136
"../../../Engine/Content/VREditor/Sounds/UI/Scaling_Down.uexp" 137
"../../../Engine/Content/VREditor/Sounds/UI/Scaling_Up.ubulk" 138
"../../../Engine/Content/VREditor/Sounds/UI/Scaling_Up.uasset" 139
"../../../Engine/Content/VREditor/Sounds/UI/Scaling_Up.uexp" 140
"../../../Engine/Content/VREditor/Sounds/UI/Selection_Changes.ubulk" 141
"../../../Engine/Content/VREditor/Sounds/UI/Selection_Changes.uasset" 142
"../../../Engine/Content/VREditor/Sounds/UI/Selection_Changes.uexp" 143
"../../../Engine/Plugins/Animation/ControlRig/Content/Controls/ControlRigGizmoMaterial.uasset" 144
"../../../Engine/Plugins/Animation/ControlRig/Content/Controls/ControlRigGizmoMaterial.uexp" 145
"../../../Engine/Plugins/Animation/ControlRig/Content/Controls/ControlRigXRayMaterial.uasset" 146
"../../../Engine/Plugins/Animation/ControlRig/Content/Controls/ControlRigXRayMaterial.uexp" 147
"../../../Engine/Plugins/Animation/ControlRig/Content/Controls/ControlRig_Arrow2_1mm.ubulk" 148
"../../../Engine/Plugins/Animation/ControlRig/Content/Controls/ControlRig_Arrow2_1mm.uasset" 149
"../../../Engine/Plugins/Animation/ControlRig/Content/Controls/ControlRig_Arrow2_1mm.uexp" 150
"../../../Engine/Plugins/Animation/ControlRig/Content/Controls/ControlRig_Arrow2_3mm.ubulk" 151
"../../../Engine/Plugins/Animation/ControlRig/Content/Controls/ControlRig_Arrow2_3mm.uasset" 152
"../../../Engine/Plugins/Animation/ControlRig/Content/Controls/ControlRig_Arrow2_3mm.uexp" 153
"../../../Engine/Plugins/Animation/ControlRig/Content/Controls/ControlRig_Arrow2_solid.ubulk" 154
"../../../Engine/Plugins/Animation/ControlRig/Content/Controls/ControlRig_Arrow2_solid.uasset" 155
"../../../Engine/Plugins/Animation/ControlRig/Content/Controls/ControlRig_Arrow2_solid.uexp" 156
"../../../Engine/Plugins/Animation/ControlRig/Content/Controls/ControlRig_Arrow4_1mm.ubulk" 157
"../../../Engine/Plugins/Animation/ControlRig/Content/Controls/ControlRig_Arrow4_1mm.uasset" 158
"../../../Engine/Plugins/Animation/ControlRig/Content/Controls/ControlRig_Arrow4_1mm.uexp" 159
"../../../Engine/Plugins/Animation/ControlRig/Content/Controls/ControlRig_Arrow4_3mm.ubulk" 160
"../../../Engine/Plugins/Animation/ControlRig/Content/Controls/ControlRig_Arrow4_3mm.uasset" 161
"../../../Engine/Plugins/Animation/ControlRig/Content/Controls/ControlRig_Arrow4_3mm.uexp" 162
"../../../Engine/Plugins/Animation/ControlRig/Content/Controls/ControlRig_Arrow4_solid.ubulk" 163
"../../../Engine/Plugins/Animation/ControlRig/Content/Controls/ControlRig_Arrow4_solid.uasset" 164
"../../../Engine/Plugins/Animation/ControlRig/Content/Controls/ControlRig_Arrow4_solid.uexp" 165
"../../../Engine/Plugins/Animation/ControlRig/Content/Controls/ControlRig_Arrow_1mm.ubulk" 166
"../../../Engine/Plugins/Animation/ControlRig/Content/Controls/ControlRig_Arrow_1mm.uasset" 167
"../../../Engine/Plugins/Animation/ControlRig/Content/Controls/ControlRig_Arrow_1mm.uexp" 168
"../../../Engine/Plugins/Animation/ControlRig/Content/Controls/ControlRig_Arrow_3mm.ubulk" 169
"../../../Engine/Plugins/Animation/ControlRig/Content/Controls/ControlRig_Arrow_3mm.uasset" 170
"../../../Engine/Plugins/Animation/ControlRig/Content/Controls/ControlRig_Arrow_3mm.uexp" 171
"../../../Engine/Plugins/Animation/ControlRig/Content/Controls/ControlRig_Arrow_solid.ubulk" 172
"../../../Engine/Plugins/Animation/ControlRig/Content/Controls/ControlRig_Arrow_solid.uasset" 173
"../../../Engine/Plugins/Animation/ControlRig/Content/Controls/ControlRig_Arrow_solid.uexp" 174
"../../../Engine/Plugins/Animation/ControlRig/Content/Controls/ControlRig_Box_1mm.ubulk" 175
"../../../Engine/Plugins/Animation/ControlRig/Content/Controls/ControlRig_Box_1mm.uasset" 176
"../../../Engine/Plugins/Animation/ControlRig/Content/Controls/ControlRig_Box_1mm.uexp" 177
"../../../Engine/Plugins/Animation/ControlRig/Content/Controls/ControlRig_Box_3mm.ubulk" 178
"../../../Engine/Plugins/Animation/ControlRig/Content/Controls/ControlRig_Box_3mm.uasset" 179
"../../../Engine/Plugins/Animation/ControlRig/Content/Controls/ControlRig_Box_3mm.uexp" 180
"../../../Engine/Plugins/Animation/ControlRig/Content/Controls/ControlRig_Box_solid.ubulk" 181
"../../../Engine/Plugins/Animation/ControlRig/Content/Controls/ControlRig_Box_solid.uasset" 182
"../../../Engine/Plugins/Animation/ControlRig/Content/Controls/ControlRig_Box_solid.uexp" 183
"../../../Engine/Plugins/Animation/ControlRig/Content/Controls/ControlRig_Circle_1mm.ubulk" 184
"../../../Engine/Plugins/Animation/ControlRig/Content/Controls/ControlRig_Circle_1mm.uasset" 185
"../../../Engine/Plugins/Animation/ControlRig/Content/Controls/ControlRig_Circle_1mm.uexp" 186
"../../../Engine/Plugins/Animation/ControlRig/Content/Controls/ControlRig_Circle_3mm.ubulk" 187
"../../../Engine/Plugins/Animation/ControlRig/Content/Controls/ControlRig_Circle_3mm.uasset" 188
"../../../Engine/Plugins/Animation/ControlRig/Content/Controls/ControlRig_Circle_3mm.uexp" 189
"../../../Engine/Plugins/Animation/ControlRig/Content/Controls/ControlRig_Circle_solid.ubulk" 190
"../../../Engine/Plugins/Animation/ControlRig/Content/Controls/ControlRig_Circle_solid.uasset" 191
"../../../Engine/Plugins/Animation/ControlRig/Content/Controls/ControlRig_Circle_solid.uexp" 192
"../../../Engine/Plugins/Animation/ControlRig/Content/Controls/ControlRig_Diamond_1mm.ubulk" 193
"../../../Engine/Plugins/Animation/ControlRig/Content/Controls/ControlRig_Diamond_1mm.uasset" 194
"../../../Engine/Plugins/Animation/ControlRig/Content/Controls/ControlRig_Diamond_1mm.uexp" 195
"../../../Engine/Plugins/Animation/ControlRig/Content/Controls/ControlRig_Diamond_3mm.ubulk" 196
"../../../Engine/Plugins/Animation/ControlRig/Content/Controls/ControlRig_Diamond_3mm.uasset" 197
"../../../Engine/Plugins/Animation/ControlRig/Content/Controls/ControlRig_Diamond_3mm.uexp" 198
"../../../Engine/Plugins/Animation/ControlRig/Content/Controls/ControlRig_Diamond_solid.ubulk" 199
"../../../Engine/Plugins/Animation/ControlRig/Content/Controls/ControlRig_Diamond_solid.uasset" 200
"../../../Engine/Plugins/Animation/ControlRig/Content/Controls/ControlRig_Diamond_solid.uexp" 201
"../../../Engine/Plugins/Animation/ControlRig/Content/Controls/ControlRig_HalfCircle_1mm.ubulk" 202
"../../../Engine/Plugins/Animation/ControlRig/Content/Controls/ControlRig_HalfCircle_1mm.uasset" 203
"../../../Engine/Plugins/Animation/ControlRig/Content/Controls/ControlRig_HalfCircle_1mm.uexp" 204
"../../../Engine/Plugins/Animation/ControlRig/Content/Controls/ControlRig_HalfCircle_3mm.ubulk" 205
"../../../Engine/Plugins/Animation/ControlRig/Content/Controls/ControlRig_HalfCircle_3mm.uasset" 206
"../../../Engine/Plugins/Animation/ControlRig/Content/Controls/ControlRig_HalfCircle_3mm.uexp" 207
"../../../Engine/Plugins/Animation/ControlRig/Content/Controls/ControlRig_HalfCircle_solid.ubulk" 208
"../../../Engine/Plugins/Animation/ControlRig/Content/Controls/ControlRig_HalfCircle_solid.uasset" 209
"../../../Engine/Plugins/Animation/ControlRig/Content/Controls/ControlRig_HalfCircle_solid.uexp" 210
"../../../Engine/Plugins/Animation/ControlRig/Content/Controls/ControlRig_Hexagon_1mm.ubulk" 211
"../../../Engine/Plugins/Animation/ControlRig/Content/Controls/ControlRig_Hexagon_1mm.uasset" 212
"../../../Engine/Plugins/Animation/ControlRig/Content/Controls/ControlRig_Hexagon_1mm.uexp" 213
"../../../Engine/Plugins/Animation/ControlRig/Content/Controls/ControlRig_Hexagon_3mm.ubulk" 214
"../../../Engine/Plugins/Animation/ControlRig/Content/Controls/ControlRig_Hexagon_3mm.uasset" 215
"../../../Engine/Plugins/Animation/ControlRig/Content/Controls/ControlRig_Hexagon_3mm.uexp" 216
"../../../Engine/Plugins/Animation/ControlRig/Content/Controls/ControlRig_Hexagon_solid.ubulk" 217
"../../../Engine/Plugins/Animation/ControlRig/Content/Controls/ControlRig_Hexagon_solid.uasset" 218
"../../../Engine/Plugins/Animation/ControlRig/Content/Controls/ControlRig_Hexagon_solid.uexp" 219
"../../../Engine/Plugins/Animation/ControlRig/Content/Controls/ControlRig_Octagon_1mm.ubulk" 220
"../../../Engine/Plugins/Animation/ControlRig/Content/Controls/ControlRig_Octagon_1mm.uasset" 221
"../../../Engine/Plugins/Animation/ControlRig/Content/Controls/ControlRig_Octagon_1mm.uexp" 222
"../../../Engine/Plugins/Animation/ControlRig/Content/Controls/ControlRig_Octagon_3mm.ubulk" 223
"../../../Engine/Plugins/Animation/ControlRig/Content/Controls/ControlRig_Octagon_3mm.uasset" 224
"../../../Engine/Plugins/Animation/ControlRig/Content/Controls/ControlRig_Octagon_3mm.uexp" 225
"../../../Engine/Content/EngineMaterials/NaniteHiddenSectionMaterial.uasset" 226
"../../../Engine/Content/EngineMaterials/NaniteHiddenSectionMaterial.uexp" 227
"../../../Engine/Plugins/Animation/ControlRig/Content/Controls/ControlRig_Octagon_solid.ubulk" 228
"../../../Engine/Plugins/Animation/ControlRig/Content/Controls/ControlRig_Octagon_solid.uasset" 229
"../../../Engine/Plugins/Animation/ControlRig/Content/Controls/ControlRig_Octagon_solid.uexp" 230
"../../../Engine/Plugins/Animation/ControlRig/Content/Controls/ControlRig_Pyramid_1mm.ubulk" 231
"../../../Engine/Plugins/Animation/ControlRig/Content/Controls/ControlRig_Pyramid_1mm.uasset" 232
"../../../Engine/Plugins/Animation/ControlRig/Content/Controls/ControlRig_Pyramid_1mm.uexp" 233
"../../../Engine/Plugins/Animation/ControlRig/Content/Controls/ControlRig_Pyramid_3mm.ubulk" 234
"../../../Engine/Plugins/Animation/ControlRig/Content/Controls/ControlRig_Pyramid_3mm.uasset" 235
"../../../Engine/Plugins/Animation/ControlRig/Content/Controls/ControlRig_Pyramid_3mm.uexp" 236
"../../../Engine/Plugins/Animation/ControlRig/Content/Controls/ControlRig_Pyramid_solid.ubulk" 237
"../../../Engine/Plugins/Animation/ControlRig/Content/Controls/ControlRig_Pyramid_solid.uasset" 238
"../../../Engine/Plugins/Animation/ControlRig/Content/Controls/ControlRig_Pyramid_solid.uexp" 239
"../../../Engine/Plugins/Animation/ControlRig/Content/Controls/ControlRig_QuarterCircle_1mm.ubulk" 240
"../../../Engine/Plugins/Animation/ControlRig/Content/Controls/ControlRig_QuarterCircle_1mm.uasset" 241
"../../../Engine/Plugins/Animation/ControlRig/Content/Controls/ControlRig_QuarterCircle_1mm.uexp" 242
"../../../Engine/Plugins/Animation/ControlRig/Content/Controls/ControlRig_QuarterCircle_3mm.ubulk" 243
"../../../Engine/Plugins/Animation/ControlRig/Content/Controls/ControlRig_QuarterCircle_3mm.uasset" 244
"../../../Engine/Plugins/Animation/ControlRig/Content/Controls/ControlRig_QuarterCircle_3mm.uexp" 245
"../../../Engine/Content/Functions/Engine_MaterialFunctions02/WorldPositionOffset/CameraOffset.uasset" 246
"../../../Engine/Content/Functions/Engine_MaterialFunctions02/WorldPositionOffset/CameraOffset.uexp" 247
"../../../Engine/Content/EngineMaterials/PhAT_JointLimitMaterial.uasset" 248
"../../../Engine/Content/EngineMaterials/PhAT_JointLimitMaterial.uexp" 249
"../../../Engine/Content/EngineMaterials/DefaultCalibrationColor.uasset" 250
"../../../Engine/Content/EngineMaterials/DefaultCalibrationColor.uexp" 251
"../../../Engine/Content/EngineMaterials/PPM_DefaultCalibrationColor.uasset" 252
"../../../Engine/Content/EngineMaterials/PPM_DefaultCalibrationColor.uexp" 253
"../../../Engine/Plugins/Animation/ControlRig/Content/Controls/ControlRig_QuarterCircle_solid.ubulk" 254
"../../../Engine/Plugins/Animation/ControlRig/Content/Controls/ControlRig_QuarterCircle_solid.uasset" 255
"../../../Engine/Plugins/Animation/ControlRig/Content/Controls/ControlRig_QuarterCircle_solid.uexp" 256
"../../../Engine/Content/EngineMaterials/DefaultCalibrationGrayscale.uasset" 257
"../../../Engine/Content/EngineMaterials/DefaultCalibrationGrayscale.uexp" 258
"../../../Engine/Content/EngineMaterials/PPM_DefaultCalibrationGrayscale.uasset" 259
"../../../Engine/Content/EngineMaterials/PPM_DefaultCalibrationGrayscale.uexp" 260
"../../../Engine/Plugins/Animation/ControlRig/Content/Controls/ControlRig_RoundedSquare_1mm.ubulk" 261
"../../../Engine/Plugins/Animation/ControlRig/Content/Controls/ControlRig_RoundedSquare_1mm.uasset" 262
"../../../Engine/Plugins/Animation/ControlRig/Content/Controls/ControlRig_RoundedSquare_1mm.uexp" 263
"../../../Engine/Plugins/Animation/ControlRig/Content/Controls/ControlRig_RoundedSquare_3mm.ubulk" 264
"../../../Engine/Plugins/Animation/ControlRig/Content/Controls/ControlRig_RoundedSquare_3mm.uasset" 265
"../../../Engine/Plugins/Animation/ControlRig/Content/Controls/ControlRig_RoundedSquare_3mm.uexp" 266
"../../../Engine/Plugins/Animation/ControlRig/Content/Controls/ControlRig_RoundedSquare_solid.ubulk" 267
"../../../Engine/Plugins/Animation/ControlRig/Content/Controls/ControlRig_RoundedSquare_solid.uasset" 268
"../../../Engine/Plugins/Animation/ControlRig/Content/Controls/ControlRig_RoundedSquare_solid.uexp" 269
"../../../Engine/Plugins/Animation/ControlRig/Content/Controls/ControlRig_RoundedTriangle_1mm.ubulk" 270
"../../../Engine/Plugins/Animation/ControlRig/Content/Controls/ControlRig_RoundedTriangle_1mm.uasset" 271
"../../../Engine/Plugins/Animation/ControlRig/Content/Controls/ControlRig_RoundedTriangle_1mm.uexp" 272
"../../../Engine/Plugins/Animation/ControlRig/Content/Controls/ControlRig_RoundedTriangle_3mm.ubulk" 273
"../../../Engine/Plugins/Animation/ControlRig/Content/Controls/ControlRig_RoundedTriangle_3mm.uasset" 274
"../../../Engine/Plugins/Animation/ControlRig/Content/Controls/ControlRig_RoundedTriangle_3mm.uexp" 275
"../../../Engine/Plugins/Animation/ControlRig/Content/Controls/ControlRig_RoundedTriangle_solid.ubulk" 276
"../../../Engine/Plugins/Animation/ControlRig/Content/Controls/ControlRig_RoundedTriangle_solid.uasset" 277
"../../../Engine/Plugins/Animation/ControlRig/Content/Controls/ControlRig_RoundedTriangle_solid.uexp" 278
"../../../Engine/Plugins/Animation/ControlRig/Content/Controls/ControlRig_Sphere_1mm.ubulk" 279
"../../../Engine/Plugins/Animation/ControlRig/Content/Controls/ControlRig_Sphere_1mm.uasset" 280
"../../../Engine/Plugins/Animation/ControlRig/Content/Controls/ControlRig_Sphere_1mm.uexp" 281
"../../../Engine/Content/EngineMaterials/PreintegratedSkinBRDF.uasset" 282
"../../../Engine/Content/EngineMaterials/PreintegratedSkinBRDF.uexp" 283
"../../../Engine/Plugins/Animation/ControlRig/Content/Controls/ControlRig_Sphere_3mm.ubulk" 284
"../../../Engine/Plugins/Animation/ControlRig/Content/Controls/ControlRig_Sphere_3mm.uasset" 285
"../../../Engine/Plugins/Animation/ControlRig/Content/Controls/ControlRig_Sphere_3mm.uexp" 286
"../../../Engine/Plugins/Animation/ControlRig/Content/Controls/ControlRig_Sphere_solid.ubulk" 287
"../../../Engine/Plugins/Animation/ControlRig/Content/Controls/ControlRig_Sphere_solid.uasset" 288
"../../../Engine/Plugins/Animation/ControlRig/Content/Controls/ControlRig_Sphere_solid.uexp" 289
"../../../Engine/Plugins/Animation/ControlRig/Content/Controls/ControlRig_Square_1mm.ubulk" 290
"../../../Engine/Plugins/Animation/ControlRig/Content/Controls/ControlRig_Square_1mm.uasset" 291
"../../../Engine/Plugins/Animation/ControlRig/Content/Controls/ControlRig_Square_1mm.uexp" 292
"../../../Engine/Plugins/Animation/ControlRig/Content/Controls/ControlRig_Square_3mm.ubulk" 293
"../../../Engine/Plugins/Animation/ControlRig/Content/Controls/ControlRig_Square_3mm.uasset" 294
"../../../Engine/Plugins/Animation/ControlRig/Content/Controls/ControlRig_Square_3mm.uexp" 295
"../../../Engine/Content/EngineMaterials/RemoveSurfaceMaterial.uasset" 296
"../../../Engine/Content/EngineMaterials/RemoveSurfaceMaterial.uexp" 297
"../../../Engine/Plugins/Animation/ControlRig/Content/Controls/ControlRig_Square_solid.ubulk" 298
"../../../Engine/Plugins/Animation/ControlRig/Content/Controls/ControlRig_Square_solid.uasset" 299
"../../../Engine/Plugins/Animation/ControlRig/Content/Controls/ControlRig_Square_solid.uexp" 300
"../../../Engine/Content/EngineMaterials/SMAAAreaTex.uasset" 301
"../../../Engine/Content/EngineMaterials/SMAAAreaTex.uexp" 302
"../../../Engine/Content/EngineMaterials/SMAASearchTex.uasset" 303
"../../../Engine/Content/EngineMaterials/SMAASearchTex.uexp" 304
"../../../Engine/Plugins/Animation/ControlRig/Content/Controls/ControlRig_Star4_1mm.ubulk" 305
"../../../Engine/Plugins/Animation/ControlRig/Content/Controls/ControlRig_Star4_1mm.uasset" 306
"../../../Engine/Plugins/Animation/ControlRig/Content/Controls/ControlRig_Star4_1mm.uexp" 307
"../../../Engine/Plugins/Animation/ControlRig/Content/Controls/ControlRig_Star4_3mm.ubulk" 308
"../../../Engine/Plugins/Animation/ControlRig/Content/Controls/ControlRig_Star4_3mm.uasset" 309
"../../../Engine/Plugins/Animation/ControlRig/Content/Controls/ControlRig_Star4_3mm.uexp" 310
"../../../Engine/Plugins/Animation/DeformerGraph/Content/DeformerFunctions/DG_Function_ComputeNormalsTangents.uasset" 311
"../../../Engine/Plugins/Animation/DeformerGraph/Content/DeformerFunctions/DG_Function_ComputeNormalsTangents.uexp" 312
"../../../Engine/Plugins/Animation/DeformerGraph/Content/DeformerFunctions/DG_Function_LinearBlendSkin_Morph_Cloth_PositionOnly.uasset" 313
"../../../Engine/Plugins/Animation/DeformerGraph/Content/DeformerFunctions/DG_Function_LinearBlendSkin_Morph_Cloth_PositionOnly.uexp" 314
"../../../Engine/Plugins/Animation/DeformerGraph/Content/Deformers/DG_LinearBlendSkin_Morph_Cloth_RecomputeNormals.uasset" 315
"../../../Engine/Plugins/Animation/DeformerGraph/Content/Deformers/DG_LinearBlendSkin_Morph_Cloth_RecomputeNormals.uexp" 316
"../../../Engine/Content/EngineMaterials/WeightMapPlaceholderTexture.uasset" 317
"../../../Engine/Content/EngineMaterials/WeightMapPlaceholderTexture.uexp" 318
"../../../Engine/Content/EngineMaterials/WeightMapArrayPlaceholderTexture.uasset" 319
"../../../Engine/Content/EngineMaterials/WeightMapArrayPlaceholderTexture.uexp" 320
"../../../Engine/Content/EngineResources/WhiteSquareTexture.uasset" 321
"../../../Engine/Content/EngineResources/WhiteSquareTexture.uexp" 322
"../../../Engine/Content/EngineMaterials/Widget3DPassThrough.uasset" 323
"../../../Engine/Content/EngineMaterials/Widget3DPassThrough.uexp" 324
"../../../Engine/Content/EngineMaterials/Widget3DPassThrough_Masked.uasset" 325
"../../../Engine/Content/EngineMaterials/Widget3DPassThrough_Masked.uexp" 326
"../../../Engine/Content/EngineMaterials/Widget3DPassThrough_Opaque.uasset" 327
"../../../Engine/Content/EngineMaterials/Widget3DPassThrough_Opaque.uexp" 328
"../../../Engine/Content/EngineMaterials/Widget3DPassThrough_Masked_OneSided.uasset" 329
"../../../Engine/Content/EngineMaterials/Widget3DPassThrough_Masked_OneSided.uexp" 330
"../../../Engine/Content/EngineMaterials/Widget3DPassThrough_Opaque_OneSided.uasset" 331
"../../../Engine/Content/EngineMaterials/Widget3DPassThrough_Opaque_OneSided.uexp" 332
"../../../Engine/Content/EngineMaterials/Widget3DPassThrough_Translucent.uasset" 333
"../../../Engine/Content/EngineMaterials/Widget3DPassThrough_Translucent.uexp" 334
"../../../Engine/Content/EngineMaterials/Widget3DPassThrough_Translucent_OneSided.uasset" 335
"../../../Engine/Content/EngineMaterials/Widget3DPassThrough_Translucent_OneSided.uexp" 336
"../../../Engine/Content/EngineMeshes/Sphere.ubulk" 337
"../../../Engine/Content/EngineMeshes/Sphere.uasset" 338
"../../../Engine/Content/EngineMeshes/Sphere.uexp" 339
"../../../Engine/Content/Functions/Engine_MaterialFunctions02/Utility/VectorLength.uasset" 340
"../../../Engine/Content/Functions/Engine_MaterialFunctions02/Utility/VectorLength.uexp" 341
"../../../Engine/Content/Functions/Engine_MaterialFunctions02/WorldPositionOffset/ObjectScale.uasset" 342
"../../../Engine/Content/Functions/Engine_MaterialFunctions02/WorldPositionOffset/ObjectScale.uexp" 343
"../../../Engine/Plugins/Editor/SpeedTreeImporter/Content/SpeedTree9/Empty.uasset" 344
"../../../Engine/Plugins/Editor/SpeedTreeImporter/Content/SpeedTree9/Empty.uexp" 345
"../../../Engine/Plugins/Editor/SpeedTreeImporter/Content/SpeedTree9/EmptyNormal.uasset" 346
"../../../Engine/Plugins/Editor/SpeedTreeImporter/Content/SpeedTree9/EmptyNormal.uexp" 347
"../../../Engine/Plugins/Editor/SpeedTreeImporter/Content/SpeedTree9/game_wind_noise.ubulk" 348
"../../../Engine/Plugins/Editor/SpeedTreeImporter/Content/SpeedTree9/game_wind_noise.uasset" 349
"../../../Engine/Plugins/Editor/SpeedTreeImporter/Content/SpeedTree9/game_wind_noise.uexp" 350
"../../../Engine/Plugins/Editor/SpeedTreeImporter/Content/SpeedTree9/SpeedTreeBillboard.uasset" 351
"../../../Engine/Plugins/Editor/SpeedTreeImporter/Content/SpeedTree9/SpeedTreeBillboard.uexp" 352
"../../../Engine/Content/Functions/Engine_MaterialFunctions02/SafeNormalize.uasset" 353
"../../../Engine/Content/Functions/Engine_MaterialFunctions02/SafeNormalize.uexp" 354
"../../../Engine/Plugins/Editor/SpeedTreeImporter/Content/SpeedTree9/SpeedTreeWindMotion.uasset" 355
"../../../Engine/Plugins/Editor/SpeedTreeImporter/Content/SpeedTree9/SpeedTreeWindMotion.uexp" 356
"../../../Engine/Plugins/Editor/SpeedTreeImporter/Content/SpeedTree9/UnpackDirection.uasset" 357
"../../../Engine/Plugins/Editor/SpeedTreeImporter/Content/SpeedTree9/UnpackDirection.uexp" 358
"../../../Engine/Plugins/Editor/SpeedTreeImporter/Content/SpeedTree9/UnpackInteger3.uasset" 359
"../../../Engine/Plugins/Editor/SpeedTreeImporter/Content/SpeedTree9/UnpackInteger3.uexp" 360
"../../../Engine/Plugins/Editor/SpeedTreeImporter/Content/SpeedTree9/SpeedTreeBranchMotion.uasset" 361
"../../../Engine/Plugins/Editor/SpeedTreeImporter/Content/SpeedTree9/SpeedTreeBranchMotion.uexp" 362
"../../../Engine/Content/Functions/Engine_MaterialFunctions02/ObjectLocalBounds.uasset" 363
"../../../Engine/Content/Functions/Engine_MaterialFunctions02/ObjectLocalBounds.uexp" 364
"../../../Engine/Content/Functions/Engine_MaterialFunctions02/UVs/BoundingBoxBased_0-1_UVW.uasset" 365
"../../../Engine/Content/Functions/Engine_MaterialFunctions02/UVs/BoundingBoxBased_0-1_UVW.uexp" 366
"../../../Engine/Plugins/Editor/SpeedTreeImporter/Content/SpeedTree9/SpeedTreeWind.uasset" 367
"../../../Engine/Plugins/Editor/SpeedTreeImporter/Content/SpeedTree9/SpeedTreeWind.uexp" 368
"../../../Engine/Plugins/Editor/SpeedTreeImporter/Content/SpeedTree9/SpeedTreeBillboardMaster.uasset" 369
"../../../Engine/Plugins/Editor/SpeedTreeImporter/Content/SpeedTree9/SpeedTreeBillboardMaster.uexp" 370
"../../../Engine/Plugins/Editor/SpeedTreeImporter/Content/SpeedTree9/SpeedTreeCameraFacing.uasset" 371
"../../../Engine/Plugins/Editor/SpeedTreeImporter/Content/SpeedTree9/SpeedTreeCameraFacing.uexp" 372
"../../../Engine/Plugins/Editor/SpeedTreeImporter/Content/SpeedTree9/SpeedTreeMaster.uasset" 373
"../../../Engine/Plugins/Editor/SpeedTreeImporter/Content/SpeedTree9/SpeedTreeMaster.uexp" 374
"../../../Engine/Content/EngineResources/Black.uasset" 375
"../../../Engine/Content/EngineResources/Black.uexp" 376
"../../../Engine/Content/EngineResources/DefaultTextureCube.uasset" 377
"../../../Engine/Content/EngineResources/DefaultTextureCube.uexp" 378
"../../../Engine/Content/EngineResources/GradientTexture0.uasset" 379
"../../../Engine/Content/EngineResources/GradientTexture0.uexp" 380
"../../../Engine/Content/EngineResources/LandscapeVisibilityLayerInfo.uasset" 381
"../../../Engine/Content/EngineResources/LandscapeVisibilityLayerInfo.uexp" 382
"../../../Engine/Content/Functions/Engine_MaterialFunctions02/Utility/CameraDirectionVector.uasset" 383
"../../../Engine/Content/Functions/Engine_MaterialFunctions02/Utility/CameraDirectionVector.uexp" 384
"../../../Engine/Plugins/Experimental/MeshModelingToolsetExp/Content/Materials/GetDisplacementVectorForDepthBias.uasset" 385
"../../../Engine/Plugins/Experimental/MeshModelingToolsetExp/Content/Materials/GetDisplacementVectorForDepthBias.uexp" 386
"../../../Engine/Content/Functions/Engine_MaterialFunctions03/Viewport/MF_OrthoWidth.uasset" 387
"../../../Engine/Content/Functions/Engine_MaterialFunctions03/Viewport/MF_OrthoWidth.uexp" 388
"../../../Engine/Content/Functions/Engine_MaterialFunctions02/Utility/FOV.uasset" 389
"../../../Engine/Content/Functions/Engine_MaterialFunctions02/Utility/FOV.uexp" 390
"../../../Engine/Content/Functions/Engine_MaterialFunctions02/WorldPositionOffset/V2/ObjectScale.uasset" 391
"../../../Engine/Content/Functions/Engine_MaterialFunctions02/WorldPositionOffset/V2/ObjectScale.uexp" 392
"../../../Engine/Plugins/Experimental/MeshModelingToolsetExp/Content/Materials/PointSetOverlaidComponentMaterial.uasset" 393
"../../../Engine/Plugins/Experimental/MeshModelingToolsetExp/Content/Materials/PointSetOverlaidComponentMaterial.uexp" 394
"../../../Engine/Plugins/Experimental/Water/Content/Curves/FloatCurve.uasset" 395
"../../../Engine/Plugins/Experimental/Water/Content/Curves/FloatCurve.uexp" 396
"../../../Engine/Plugins/Experimental/Water/Content/Curves/FloatCurve_WaterBodyIsland.uasset" 397
"../../../Engine/Plugins/Experimental/Water/Content/Curves/FloatCurve_WaterBodyIsland.uexp" 398
"../../../Engine/Plugins/Experimental/Water/Content/Icons/WaterBodyExclusionVolumeSprite.uasset" 399
"../../../Engine/Plugins/Experimental/Water/Content/Icons/WaterBodyExclusionVolumeSprite.uexp" 400
"../../../Engine/Plugins/Experimental/Water/Content/Icons/WaterBodyIslandSprite.uasset" 401
"../../../Engine/Plugins/Experimental/Water/Content/Icons/WaterBodyIslandSprite.uexp" 402
"../../../Engine/Plugins/Experimental/Water/Content/Icons/WaterErrorSprite.ubulk" 403
"../../../Engine/Plugins/Experimental/Water/Content/Icons/WaterErrorSprite.uasset" 404
"../../../Engine/Plugins/Experimental/Water/Content/Icons/WaterErrorSprite.uexp" 405
"../../../Engine/Plugins/Experimental/Water/Content/Icons/WaterLandscapeBrushSprite.ubulk" 406
"../../../Engine/Plugins/Experimental/Water/Content/Icons/WaterLandscapeBrushSprite.uasset" 407
"../../../Engine/Plugins/Experimental/Water/Content/Icons/WaterLandscapeBrushSprite.uexp" 408
"../../../Engine/Plugins/Experimental/Water/Content/Icons/WaterSprite.uasset" 409
"../../../Engine/Plugins/Experimental/Water/Content/Icons/WaterSprite.uexp" 410
"../../../Engine/Plugins/Experimental/Water/Content/Icons/WaterZoneActorSprite.ubulk" 411
"../../../Engine/Plugins/Experimental/Water/Content/Icons/WaterZoneActorSprite.uasset" 412
"../../../Engine/Plugins/Experimental/Water/Content/Icons/WaterZoneActorSprite.uexp" 413
"../../../Engine/Plugins/Experimental/Water/Content/Meshes/LakeMesh.ubulk" 414
"../../../Engine/Plugins/Experimental/Water/Content/Meshes/LakeMesh.uasset" 415
"../../../Engine/Plugins/Experimental/Water/Content/Meshes/LakeMesh.uexp" 416
"../../../Engine/Plugins/Experimental/Water/Content/Meshes/RiverMesh.ubulk" 417
"../../../Engine/Plugins/Experimental/Water/Content/Meshes/RiverMesh.uasset" 418
"../../../Engine/Plugins/Experimental/Water/Content/Meshes/RiverMesh.uexp" 419
"../../../Engine/Plugins/Interchange/Assets/Content/Functions/MX_AbsorptionVDF.uasset" 420
"../../../Engine/Plugins/Interchange/Assets/Content/Functions/MX_AbsorptionVDF.uexp" 421
"../../../Engine/Plugins/Interchange/Assets/Content/Functions/MX_AnisotropicVDF.uasset" 422
"../../../Engine/Plugins/Interchange/Assets/Content/Functions/MX_AnisotropicVDF.uexp" 423
"../../../Engine/Plugins/Interchange/Assets/Content/Functions/MX_BurleyDiffuseBSDF.uasset" 424
"../../../Engine/Plugins/Interchange/Assets/Content/Functions/MX_BurleyDiffuseBSDF.uexp" 425
"../../../Engine/Plugins/Interchange/Assets/Content/Functions/MX_ChiangHairBSDF.uasset" 426
"../../../Engine/Plugins/Interchange/Assets/Content/Functions/MX_ChiangHairBSDF.uexp" 427
"../../../Engine/Plugins/Interchange/Assets/Content/Functions/MX_ConductorBSDF.uasset" 428
"../../../Engine/Plugins/Interchange/Assets/Content/Functions/MX_ConductorBSDF.uexp" 429
"../../../Engine/Plugins/Interchange/Assets/Content/Functions/MX_ConicalEDF.uasset" 430
"../../../Engine/Plugins/Interchange/Assets/Content/Functions/MX_ConicalEDF.uexp" 431
"../../../Engine/Plugins/Interchange/Assets/Content/Functions/MX_DielectricBSDF.uasset" 432
"../../../Engine/Plugins/Interchange/Assets/Content/Functions/MX_DielectricBSDF.uexp" 433
"../../../Engine/Plugins/Interchange/Assets/Content/Functions/MX_Displacement.uasset" 434
"../../../Engine/Plugins/Interchange/Assets/Content/Functions/MX_Displacement.uexp" 435
"../../../Engine/Plugins/Interchange/Assets/Content/Functions/MX_GeneralizedSchlickBSDF.uasset" 436
"../../../Engine/Plugins/Interchange/Assets/Content/Functions/MX_GeneralizedSchlickBSDF.uexp" 437
"../../../Engine/Plugins/Interchange/Assets/Content/Functions/MX_MeasuredEDF.uasset" 438
"../../../Engine/Plugins/Interchange/Assets/Content/Functions/MX_MeasuredEDF.uexp" 439
"../../../Engine/Plugins/Interchange/Assets/Content/Functions/MF_IridescenceNoLUT.uasset" 440
"../../../Engine/Plugins/Interchange/Assets/Content/Functions/MF_IridescenceNoLUT.uexp" 441
"../../../Engine/Plugins/Interchange/Assets/Content/Functions/MX_StandardSurface.uasset" 442
"../../../Engine/Plugins/Interchange/Assets/Content/Functions/MX_StandardSurface.uexp" 443
"../../../Engine/Plugins/Interchange/Assets/Content/Functions/MX_OpenPBR_Opaque.uasset" 444
"../../../Engine/Plugins/Interchange/Assets/Content/Functions/MX_OpenPBR_Opaque.uexp" 445
"../../../Engine/Plugins/Interchange/Assets/Content/Substrate/MX_SimpleVolume.uasset" 446
"../../../Engine/Plugins/Interchange/Assets/Content/Substrate/MX_SimpleVolume.uexp" 447
"../../../Engine/Plugins/Interchange/Assets/Content/Functions/MX_TransmissionSurface.uasset" 448
"../../../Engine/Plugins/Interchange/Assets/Content/Functions/MX_TransmissionSurface.uexp" 449
"../../../Engine/Plugins/Interchange/Assets/Content/Functions/MX_OpenPBR_Translucent.uasset" 450
"../../../Engine/Plugins/Interchange/Assets/Content/Functions/MX_OpenPBR_Translucent.uexp" 451
"../../../Engine/Plugins/Interchange/Assets/Content/Functions/MX_OrenNayarBSDF.uasset" 452
"../../../Engine/Plugins/Interchange/Assets/Content/Functions/MX_OrenNayarBSDF.uexp" 453
"../../../Engine/Plugins/Interchange/Assets/Content/Functions/MX_SheenBSDF.uasset" 454
"../../../Engine/Plugins/Interchange/Assets/Content/Functions/MX_SheenBSDF.uexp" 455
"../../../Engine/Plugins/Interchange/Assets/Content/Functions/MX_SubsurfaceBSDF.uasset" 456
"../../../Engine/Plugins/Interchange/Assets/Content/Functions/MX_SubsurfaceBSDF.uexp" 457
"../../../Engine/Plugins/Interchange/Assets/Content/Functions/MX_Surface.uasset" 458
"../../../Engine/Plugins/Interchange/Assets/Content/Functions/MX_Surface.uexp" 459
"../../../Engine/Plugins/Interchange/Assets/Content/Functions/MX_SurfaceUnlit.uasset" 460
"../../../Engine/Plugins/Interchange/Assets/Content/Functions/MX_SurfaceUnlit.uexp" 461
"../../../Engine/Plugins/Interchange/Assets/Content/Functions/MX_TranslucentBSDF.uasset" 462
"../../../Engine/Plugins/Interchange/Assets/Content/Functions/MX_TranslucentBSDF.uexp" 463
"../../../Engine/Plugins/Interchange/Assets/Content/Functions/MX_UniformEDF.uasset" 464
"../../../Engine/Plugins/Interchange/Assets/Content/Functions/MX_UniformEDF.uexp" 465
"../../../Engine/Plugins/Interchange/Assets/Content/Functions/MX_UsdPreviewSurface.uasset" 466
"../../../Engine/Plugins/Interchange/Assets/Content/Functions/MX_UsdPreviewSurface.uexp" 467
"../../../Engine/Plugins/Runtime/AudioWidgets/Content/Resources/ScrubHandleDown_Clamped.uasset" 468
"../../../Engine/Plugins/Runtime/AudioWidgets/Content/Resources/ScrubHandleDown_Clamped.uexp" 469
"../../../Engine/Plugins/Runtime/HairStrands/Content/Materials/HairCardsDefaultMaterial.uasset" 470
"../../../Engine/Plugins/Runtime/HairStrands/Content/Materials/HairCardsDefaultMaterial.uexp" 471
"../../../Engine/Content/Functions/Engine_MaterialFunctions02/Utility/MakeFloat2.uasset" 472
"../../../Engine/Content/Functions/Engine_MaterialFunctions02/Utility/MakeFloat2.uexp" 473
"../../../Engine/Content/EngineMaterials/HairColorMap.uasset" 474
"../../../Engine/Content/EngineMaterials/HairColorMap.uexp" 475
"../../../Engine/Content/EngineMaterials/HairDebugColor.uasset" 476
"../../../Engine/Content/EngineMaterials/HairDebugColor.uexp" 477
"../../../Engine/Plugins/Runtime/HairStrands/Content/Materials/HairGroupColors.uasset" 478
"../../../Engine/Plugins/Runtime/HairStrands/Content/Materials/HairGroupColors.uexp" 479
"../../../Engine/Plugins/Runtime/HairStrands/Content/Materials/HairDebugMaterial.uasset" 480
"../../../Engine/Plugins/Runtime/HairStrands/Content/Materials/HairDebugMaterial.uexp" 481
"../../../Engine/Plugins/Runtime/HairStrands/Content/Materials/HairDefaultMaterial.uasset" 482
"../../../Engine/Plugins/Runtime/HairStrands/Content/Materials/HairDefaultMaterial.uexp" 483
"../../../Engine/Plugins/Runtime/HairStrands/Content/Materials/HairMeshesDefaultMaterial.uasset" 484
"../../../Engine/Plugins/Runtime/HairStrands/Content/Materials/HairMeshesDefaultMaterial.uexp" 485
"../../../Engine/Content/EditorMaterials/ParticleSystems/PSysThumbnail_NoImage.ubulk" 486
"../../../Engine/Content/EditorMaterials/ParticleSystems/PSysThumbnail_NoImage.uasset" 487
"../../../Engine/Content/EditorMaterials/ParticleSystems/PSysThumbnail_NoImage.uexp" 488
"../../../Engine/Content/EditorMaterials/ParticleSystems/PSysThumbnail_OOD.ubulk" 489
"../../../Engine/Content/EditorMaterials/ParticleSystems/PSysThumbnail_OOD.uasset" 490
"../../../Engine/Content/EditorMaterials/ParticleSystems/PSysThumbnail_OOD.uexp" 491
"../../../Engine/Plugins/Animation/DeformerGraph/Content/DeformerFunctions/DG_Function_LinearBlendSkin_Morph_Cloth.uasset" 492
"../../../Engine/Plugins/Animation/DeformerGraph/Content/DeformerFunctions/DG_Function_LinearBlendSkin_Morph_Cloth.uexp" 493
"../../../Engine/Plugins/Animation/DeformerGraph/Content/Deformers/DG_LinearBlendSkin_Morph_Cloth.uasset" 494
"../../../Engine/Plugins/Animation/DeformerGraph/Content/Deformers/DG_LinearBlendSkin_Morph_Cloth.uexp" 495
"../../../Engine/Content/EditorMaterials/Camera/CineMat.uasset" 496
"../../../Engine/Content/EditorMaterials/Camera/CineMat.uexp" 497
"../../../Engine/Content/EditorMaterials/Camera/MI_CineMat_Rig.uasset" 498
"../../../Engine/Content/EditorMaterials/Camera/MI_CineMat_Rig.uexp" 499
"../../../Engine/Content/EditorMeshes/Camera/SM_CraneRig_Arm.ubulk" 500
"../../../Engine/Content/EditorMeshes/Camera/SM_CraneRig_Arm.uasset" 501
"../../../Engine/Content/EditorMeshes/Camera/SM_CraneRig_Arm.uexp" 502
"../../../Engine/Content/EditorMeshes/Camera/SM_CraneRig_Base.ubulk" 503
"../../../Engine/Content/EditorMeshes/Camera/SM_CraneRig_Base.uasset" 504
"../../../Engine/Content/EditorMeshes/Camera/SM_CraneRig_Base.uexp" 505
"../../../Engine/Content/EditorMeshes/Camera/SM_CraneRig_Body.ubulk" 506
"../../../Engine/Content/EditorMeshes/Camera/SM_CraneRig_Body.uasset" 507
"../../../Engine/Content/EditorMeshes/Camera/SM_CraneRig_Body.uexp" 508
"../../../Engine/Content/EditorMeshes/Camera/SM_CraneRig_Mount.ubulk" 509
"../../../Engine/Content/EditorMeshes/Camera/SM_CraneRig_Mount.uasset" 510
"../../../Engine/Content/EditorMeshes/Camera/SM_CraneRig_Mount.uexp" 511
"../../../Engine/Content/EditorMeshes/Camera/SM_RailRig_Mount.ubulk" 512
"../../../Engine/Content/EditorMeshes/Camera/SM_RailRig_Mount.uasset" 513
"../../../Engine/Content/EditorMeshes/Camera/SM_RailRig_Mount.uexp" 514
"../../../Engine/Content/EditorMeshes/Camera/SM_RailRig_Track.ubulk" 515
"../../../Engine/Content/EditorMeshes/Camera/SM_RailRig_Track.uasset" 516
"../../../Engine/Content/EditorMeshes/Camera/SM_RailRig_Track.uexp" 517
"../../../Engine/Content/EditorMaterials/Dataflow/DataflowTwoSidedVertexMaterial.uasset" 518
"../../../Engine/Content/EditorMaterials/Dataflow/DataflowTwoSidedVertexMaterial.uexp" 519
"../../../Engine/Content/EditorMaterials/Dataflow/DataflowVertexMaterial.uasset" 520
"../../../Engine/Content/EditorMaterials/Dataflow/DataflowVertexMaterial.uexp" 521
"../../../Engine/Content/EditorResources/SequenceRecorder/Countdown.uasset" 522
"../../../Engine/Content/EditorResources/SequenceRecorder/Countdown.uexp" 523
"../../../Engine/Content/EditorResources/SequenceRecorder/RecordingIndicator.uasset" 524
"../../../Engine/Content/EditorResources/SequenceRecorder/RecordingIndicator.uexp" 525
"../../../Engine/Content/EngineMaterials/EnergyConservation/Diffuse_Energy.uasset" 526
"../../../Engine/Content/EngineMaterials/EnergyConservation/Diffuse_Energy.uexp" 527
"../../../Engine/Content/EngineMaterials/EnergyConservation/GGX_ReflectionEnergy.uasset" 528
"../../../Engine/Content/EngineMaterials/EnergyConservation/GGX_ReflectionEnergy.uexp" 529
"../../../Engine/Content/EngineMaterials/EnergyConservation/GGX_TransmissionEnergyArray.uasset" 530
"../../../Engine/Content/EngineMaterials/EnergyConservation/GGX_TransmissionEnergyArray.uexp" 531
"../../../Engine/Content/EngineMaterials/EnergyConservation/SheenLegacy_Energy.uasset" 532
"../../../Engine/Content/EngineMaterials/EnergyConservation/SheenLegacy_Energy.uexp" 533
"../../../Engine/Content/EngineMaterials/EnergyConservation/Sheen_Energy.uasset" 534
"../../../Engine/Content/EngineMaterials/EnergyConservation/Sheen_Energy.uexp" 535
"../../../Engine/Content/EngineMaterials/LTC/GGX_LTCAmp.uasset" 536
"../../../Engine/Content/EngineMaterials/LTC/GGX_LTCAmp.uexp" 537
"../../../Engine/Content/EngineMaterials/LTC/GGX_LTCMat.uasset" 538
"../../../Engine/Content/EngineMaterials/LTC/GGX_LTCMat.uexp" 539
"../../../Engine/Content/EngineMaterials/LTC/Sheen_LTC.uasset" 540
"../../../Engine/Content/EngineMaterials/LTC/Sheen_LTC.uexp" 541
"../../../Engine/Content/EngineResources/Development/ZenLogo_64.uasset" 542
"../../../Engine/Content/EngineResources/Development/ZenLogo_64.uexp" 543
"../../../Engine/Content/EngineResources/FilmGrains/Marcie_Grain_v3_128_M2_000.uasset" 544
"../../../Engine/Content/EngineResources/FilmGrains/Marcie_Grain_v3_128_M2_000.uexp" 545
"../../../Engine/Content/EngineDebugMaterials/DebugEditorMaterial.uasset" 546
"../../../Engine/Content/EngineDebugMaterials/DebugEditorMaterial.uexp" 547
"../../../Engine/Content/EngineDebugMaterials/DebugMeshMaterial.uasset" 548
"../../../Engine/Content/EngineDebugMaterials/DebugMeshMaterial.uexp" 549
"../../../Engine/Content/EngineDebugMaterials/M_SimpleUnlitTranslucent.uasset" 550
"../../../Engine/Content/EngineDebugMaterials/M_SimpleUnlitTranslucent.uexp" 551
"../../../Engine/Content/EngineDebugMaterials/VolumeToRender.uasset" 552
"../../../Engine/Content/EngineDebugMaterials/VolumeToRender.uexp" 553
"../../../Engine/Content/EngineDebugMaterials/M_VolumeRenderSphereTracePP.uasset" 554
"../../../Engine/Content/EngineDebugMaterials/M_VolumeRenderSphereTracePP.uexp" 555
"../../../Engine/Content/EditorMaterials/PhAT_UnselectedMaterial.uasset" 556
"../../../Engine/Content/EditorMaterials/PhAT_UnselectedMaterial.uexp" 557
"../../../Engine/Content/EditorMaterials/PreviewShadowIndicator.ubulk" 558
"../../../Engine/Content/EditorMaterials/PreviewShadowIndicator.uasset" 559
"../../../Engine/Content/EditorMaterials/PreviewShadowIndicator.uexp" 560
"../../../Engine/Content/EditorMaterials/PreviewShadowIndicatorMaterial.uasset" 561
"../../../Engine/Content/EditorMaterials/PreviewShadowIndicatorMaterial.uexp" 562
"../../../Engine/Content/VREditor/TransformGizmo/BoundingBoxCorner.ubulk" 563
"../../../Engine/Content/VREditor/TransformGizmo/BoundingBoxCorner.uasset" 564
"../../../Engine/Content/VREditor/TransformGizmo/BoundingBoxCorner.uexp" 565
"../../../Engine/Content/VREditor/TransformGizmo/BoundingBoxEdge.ubulk" 566
"../../../Engine/Content/VREditor/TransformGizmo/BoundingBoxEdge.uasset" 567
"../../../Engine/Content/VREditor/TransformGizmo/BoundingBoxEdge.uexp" 568
"../../../Engine/Content/VREditor/TransformGizmo/Main.uasset" 569
"../../../Engine/Content/VREditor/TransformGizmo/Main.uexp" 570
"../../../Engine/Content/VREditor/TransformGizmo/Xray.uasset" 571
"../../../Engine/Content/VREditor/TransformGizmo/Xray.uexp" 572
"../../../Engine/Content/VREditor/TransformGizmo/SM_Sequencer_Node.ubulk" 573
"../../../Engine/Content/VREditor/TransformGizmo/SM_Sequencer_Node.uasset" 574
"../../../Engine/Content/VREditor/TransformGizmo/SM_Sequencer_Node.uexp" 575
"../../../Engine/Content/EditorResources/BSPVertex.uasset" 576
"../../../Engine/Content/EditorResources/BSPVertex.uexp" 577
"../../../Engine/Content/EngineMaterials/DefaultBloomKernel.uasset" 578
"../../../Engine/Content/EngineMaterials/DefaultBloomKernel.uexp" 579
"../../../Engine/Content/EngineMaterials/DefaultBokeh.uasset" 580
"../../../Engine/Content/EngineMaterials/DefaultBokeh.uexp" 581
"../../../Engine/Content/EngineMaterials/DefaultDiffuse.ubulk" 582
"../../../Engine/Content/EngineMaterials/DefaultDiffuse.uasset" 583
"../../../Engine/Content/EngineMaterials/DefaultDiffuse.uexp" 584
"../../../Engine/Content/EngineMaterials/DefaultDeferredDecalMaterial.uasset" 585
"../../../Engine/Content/EngineMaterials/DefaultDeferredDecalMaterial.uexp" 586
"../../../Engine/Content/EditorResources/S_Actor.ubulk" 587
"../../../Engine/Content/EditorResources/S_Actor.uasset" 588
"../../../Engine/Content/EditorResources/S_Actor.uexp" 589
"../../../Engine/Content/EngineMaterials/DefaultLightFunctionMaterial.uasset" 590
"../../../Engine/Content/EngineMaterials/DefaultLightFunctionMaterial.uexp" 591
"../../../Engine/Content/EditorResources/S_BoxReflectionCapture.uasset" 592
"../../../Engine/Content/EditorResources/S_BoxReflectionCapture.uexp" 593
"../../../Engine/Content/Functions/Engine_MaterialFunctions02/Utility/BreakOutFloat2Components.uasset" 594
"../../../Engine/Content/Functions/Engine_MaterialFunctions02/Utility/BreakOutFloat2Components.uexp" 595
"../../../Engine/Content/EngineMaterials/DefaultPostProcessMaterial.uasset" 596
"../../../Engine/Content/EngineMaterials/DefaultPostProcessMaterial.uexp" 597
"../../../Engine/Content/EngineFonts/RobotoDistanceField.uasset" 598
"../../../Engine/Content/EngineFonts/RobotoDistanceField.uexp" 599
"../../../Engine/Content/EngineMaterials/DefaultTextMaterialOpaque.uasset" 600
"../../../Engine/Content/EngineMaterials/DefaultTextMaterialOpaque.uexp" 601
"../../../Engine/Content/EngineMaterials/DefaultWhiteGrid.ubulk" 602
"../../../Engine/Content/EngineMaterials/DefaultWhiteGrid.uasset" 603
"../../../Engine/Content/EngineMaterials/DefaultWhiteGrid.uexp" 604
"../../../Engine/Content/EngineMaterials/DefaultWhiteGrid_Low.uasset" 605
"../../../Engine/Content/EngineMaterials/DefaultWhiteGrid_Low.uexp" 606
"../../../Engine/Content/EngineMaterials/EmissiveMeshMaterial.uasset" 607
"../../../Engine/Content/EngineMaterials/EmissiveMeshMaterial.uexp" 608
"../../../Engine/Content/EngineMaterials/FastBlueNoise_scalar_128x128x64.uasset" 609
"../../../Engine/Content/EngineMaterials/FastBlueNoise_scalar_128x128x64.uexp" 610
"../../../Engine/Content/EngineMaterials/FastBlueNoise_scalar_128x128x8.uasset" 611
"../../../Engine/Content/EngineMaterials/FastBlueNoise_scalar_128x128x8.uexp" 612
"../../../Engine/Content/EngineMaterials/FastBlueNoise_vec2_128x128x64.uasset" 613
"../../../Engine/Content/EngineMaterials/FastBlueNoise_vec2_128x128x64.uexp" 614
"../../../Engine/Content/EngineMaterials/BaseFlattenDiffuseMap.uasset" 615
"../../../Engine/Content/EngineMaterials/BaseFlattenDiffuseMap.uexp" 616
"../../../Engine/Content/EngineMaterials/BaseFlattenEmissiveMap.uasset" 617
"../../../Engine/Content/EngineMaterials/BaseFlattenEmissiveMap.uexp" 618
"../../../Engine/Content/EngineMaterials/BaseFlattenGrayscaleMap.uasset" 619
"../../../Engine/Content/EngineMaterials/BaseFlattenGrayscaleMap.uexp" 620
"../../../Engine/Content/EngineMaterials/BaseFlattenLinearColor.uasset" 621
"../../../Engine/Content/EngineMaterials/BaseFlattenLinearColor.uexp" 622
"../../../Engine/Content/EngineMaterials/BaseFlattenNormalMap.uasset" 623
"../../../Engine/Content/EngineMaterials/BaseFlattenNormalMap.uexp" 624
"../../../Engine/Content/Functions/Engine_MaterialFunctions02/PivotPainter2/Black_1x1_EXR_Texture.uasset" 625
"../../../Engine/Content/Functions/Engine_MaterialFunctions02/PivotPainter2/Black_1x1_EXR_Texture.uexp" 626
"../../../Engine/Content/EngineMaterials/FlattenMaterial.uasset" 627
"../../../Engine/Content/EngineMaterials/FlattenMaterial.uexp" 628
"../../../Engine/Content/EditorResources/S_Solver.ubulk" 629
"../../../Engine/Content/EditorResources/S_Solver.uasset" 630
"../../../Engine/Content/EditorResources/S_Solver.uexp" 631
"../../../Engine/Content/EngineMaterials/BaseFlattenDiffuseMap_VT.ubulk" 632
"../../../Engine/Content/EngineMaterials/BaseFlattenDiffuseMap_VT.uasset" 633
"../../../Engine/Content/EngineMaterials/BaseFlattenDiffuseMap_VT.uexp" 634
"../../../Engine/Content/EngineMaterials/BaseFlattenEmissiveMap_VT.ubulk" 635
"../../../Engine/Content/EngineMaterials/BaseFlattenEmissiveMap_VT.uasset" 636
"../../../Engine/Content/EngineMaterials/BaseFlattenEmissiveMap_VT.uexp" 637
"../../../Engine/Content/EngineMaterials/BaseFlattenGrayscaleMap_VT.ubulk" 638
"../../../Engine/Content/EngineMaterials/BaseFlattenGrayscaleMap_VT.uasset" 639
"../../../Engine/Content/EngineMaterials/BaseFlattenGrayscaleMap_VT.uexp" 640
"../../../Engine/Content/EngineMaterials/BaseFlattenLinearColor_VT.ubulk" 641
"../../../Engine/Content/EngineMaterials/BaseFlattenLinearColor_VT.uasset" 642
"../../../Engine/Content/EngineMaterials/BaseFlattenLinearColor_VT.uexp" 643
"../../../Engine/Content/EngineMaterials/BaseFlattenNormalMap_VT.ubulk" 644
"../../../Engine/Content/EngineMaterials/BaseFlattenNormalMap_VT.uasset" 645
"../../../Engine/Content/EngineMaterials/BaseFlattenNormalMap_VT.uexp" 646
"../../../Engine/Content/EngineMaterials/Black_1x1_EXR_Texture_VT.ubulk" 647
"../../../Engine/Content/EngineMaterials/Black_1x1_EXR_Texture_VT.uasset" 648
"../../../Engine/Content/EngineMaterials/Black_1x1_EXR_Texture_VT.uexp" 649
"../../../Engine/Content/EngineMaterials/FlattenMaterial_VT.uasset" 650
"../../../Engine/Content/EngineMaterials/FlattenMaterial_VT.uexp" 651
"../../../Engine/Content/EngineMaterials/FlattenMaterial_WS_Normal_VT.uasset" 652
"../../../Engine/Content/EngineMaterials/FlattenMaterial_WS_Normal_VT.uexp" 653
"../../../Engine/Content/EngineMaterials/GizmoMaterial.uasset" 654
"../../../Engine/Content/EngineMaterials/GizmoMaterial.uexp" 655
"../../../Engine/Content/EditorResources/S_Trigger.ubulk" 656
"../../../Engine/Content/EditorResources/S_Trigger.uasset" 657
"../../../Engine/Content/EditorResources/S_Trigger.uexp" 658
"../../../Engine/Content/EditorResources/S_TriggerBox.uasset" 659
"../../../Engine/Content/EditorResources/S_TriggerBox.uexp" 660
"../../../Engine/Content/EditorResources/S_TriggerCapsule.uasset" 661
"../../../Engine/Content/EditorResources/S_TriggerCapsule.uexp" 662
"../../../Engine/Content/EditorResources/S_TriggerSphere.uasset" 663
"../../../Engine/Content/EditorResources/S_TriggerSphere.uexp" 664
"../../../Engine/Content/EngineMaterials/MiniFont.uasset" 665
"../../../Engine/Content/EngineMaterials/MiniFont.uexp" 666
"../../../Engine/Content/EngineMaterials/InvalidLightmapSettings.ubulk" 667
"../../../Engine/Content/EngineMaterials/InvalidLightmapSettings.uasset" 668
"../../../Engine/Content/EngineMaterials/InvalidLightmapSettings.uexp" 669
"../../../Engine/Content/EngineMaterials/M_InvalidLightmapSettings.uasset" 670
"../../../Engine/Content/EngineMaterials/M_InvalidLightmapSettings.uexp" 671
"../../../Engine/Content/EngineDamageTypes/DmgTypeBP_Environmental.uasset" 672
"../../../Engine/Content/EngineDamageTypes/DmgTypeBP_Environmental.uexp" 673
"../../../Engine/Plugins/Experimental/Landmass/Content/Landscape/Meshes/S_SpritePlane.ubulk" 674
"../../../Engine/Plugins/Experimental/Landmass/Content/Landscape/Meshes/S_SpritePlane.uasset" 675
"../../../Engine/Plugins/Experimental/Landmass/Content/Landscape/Meshes/S_SpritePlane.uexp" 676
"../../../Engine/Content/BasicShapes/Plane.ubulk" 677
"../../../Engine/Content/BasicShapes/Plane.uasset" 678
"../../../Engine/Content/BasicShapes/Plane.uexp" 679
"../../../Engine/Content/EngineMaterials/DefaultMaterial.uasset" 680
"../../../Engine/Content/EngineMaterials/DefaultMaterial.uexp" 681
"../../../Engine/Content/BasicShapes/Sphere.ubulk" 682
"../../../Engine/Content/BasicShapes/Sphere.uasset" 683
"../../../Engine/Content/BasicShapes/Sphere.uexp" 684
"../../../Engine/Plugins/Interchange/Assets/Content/gltf/Textures/T_White_srgb.uasset" 685
"../../../Engine/Plugins/Interchange/Assets/Content/gltf/Textures/T_White_srgb.uexp" 686
"../../../Engine/Plugins/Interchange/Assets/Content/gltf/MaterialFunctions/MF_BaseColor.uasset" 687
"../../../Engine/Plugins/Interchange/Assets/Content/gltf/MaterialFunctions/MF_BaseColor.uexp" 688
"../../../Engine/Plugins/Interchange/Assets/Content/gltf/MaterialFunctions/MF_RotateV2.uasset" 689
"../../../Engine/Plugins/Interchange/Assets/Content/gltf/MaterialFunctions/MF_RotateV2.uexp" 690
"../../../Engine/Plugins/Interchange/Assets/Content/gltf/MaterialFunctions/MF_TransformUVs.uasset" 691
"../../../Engine/Plugins/Interchange/Assets/Content/gltf/MaterialFunctions/MF_TransformUVs.uexp" 692
"../../../Engine/Plugins/Interchange/Assets/Content/gltf/MaterialBodies/MF_Unlit_Body.uasset" 693
"../../../Engine/Plugins/Interchange/Assets/Content/gltf/MaterialBodies/MF_Unlit_Body.uexp" 694
"../../../Engine/Plugins/Interchange/Assets/Content/gltf/M_Unlit.uasset" 695
"../../../Engine/Plugins/Interchange/Assets/Content/gltf/M_Unlit.uexp" 696
"../../../Engine/Plugins/Interchange/Assets/Content/gltf/MaterialInstances/MI_Unlit_Blend.uasset" 697
"../../../Engine/Plugins/Interchange/Assets/Content/gltf/MaterialInstances/MI_Unlit_Blend.uexp" 698
"../../../Engine/Plugins/Interchange/Assets/Content/gltf/MaterialInstances/MI_Unlit_Blend_DS.uasset" 699
"../../../Engine/Plugins/Interchange/Assets/Content/gltf/MaterialInstances/MI_Unlit_Blend_DS.uexp" 700
"../../../Engine/Plugins/Interchange/Assets/Content/gltf/MaterialInstances/MI_Unlit_Mask.uasset" 701
"../../../Engine/Plugins/Interchange/Assets/Content/gltf/MaterialInstances/MI_Unlit_Mask.uexp" 702
"../../../Engine/Plugins/Interchange/Assets/Content/gltf/MaterialInstances/MI_Unlit_Mask_DS.uasset" 703
"../../../Engine/Plugins/Interchange/Assets/Content/gltf/MaterialInstances/MI_Unlit_Mask_DS.uexp" 704
"../../../Engine/Plugins/Interchange/Assets/Content/gltf/MaterialInstances/MI_Unlit_Opaque.uasset" 705
"../../../Engine/Plugins/Interchange/Assets/Content/gltf/MaterialInstances/MI_Unlit_Opaque.uexp" 706
"../../../Engine/Plugins/Interchange/Assets/Content/gltf/MaterialInstances/MI_Unlit_Opaque_DS.uasset" 707
"../../../Engine/Plugins/Interchange/Assets/Content/gltf/MaterialInstances/MI_Unlit_Opaque_DS.uexp" 708
"../../../Engine/Plugins/2D/Paper2D/Content/DefaultSpriteMaterial.uasset" 709
"../../../Engine/Plugins/2D/Paper2D/Content/DefaultSpriteMaterial.uexp" 710
"../../../Engine/Plugins/2D/Paper2D/Content/MaskedUnlitSpriteMaterial.uasset" 711
"../../../Engine/Plugins/2D/Paper2D/Content/MaskedUnlitSpriteMaterial.uexp" 712
"../../../Engine/Plugins/2D/Paper2D/Content/OpaqueUnlitSpriteMaterial.uasset" 713
"../../../Engine/Plugins/2D/Paper2D/Content/OpaqueUnlitSpriteMaterial.uexp" 714
"../../../Engine/Plugins/Animation/ControlRig/Content/M_Manip.uasset" 715
"../../../Engine/Plugins/Animation/ControlRig/Content/M_Manip.uexp" 716
"../../../Engine/Content/EditorLandscapeResources/DefaultAlphaTexture.uasset" 717
"../../../Engine/Content/EditorLandscapeResources/DefaultAlphaTexture.uexp" 718
"../../../Engine/Content/EditorLandscapeResources/ColorMaskBrushMaterial.uasset" 719
"../../../Engine/Content/EditorLandscapeResources/ColorMaskBrushMaterial.uexp" 720
"../../../Engine/Content/EditorLandscapeResources/ColorMaskBrushMaterial_MaskedRegion.uasset" 721
"../../../Engine/Content/EditorLandscapeResources/ColorMaskBrushMaterial_MaskedRegion.uexp" 722
"../../../Engine/Content/EditorLandscapeResources/LandscapeDirtyMaterial.uasset" 723
"../../../Engine/Content/EditorLandscapeResources/LandscapeDirtyMaterial.uexp" 724
"../../../Engine/Content/Functions/Engine_MaterialFunctions01/Texturing/TextureCropping.uasset" 725
"../../../Engine/Content/Functions/Engine_MaterialFunctions01/Texturing/TextureCropping.uexp" 726
"../../../Engine/Content/Functions/Engine_MaterialFunctions02/ExampleContent/DebugNumberStrip.uasset" 727
"../../../Engine/Content/Functions/Engine_MaterialFunctions02/ExampleContent/DebugNumberStrip.uexp" 728
"../../../Engine/Content/Functions/Engine_MaterialFunctions01/Debug/DebugIntValues.uasset" 729
"../../../Engine/Content/Functions/Engine_MaterialFunctions01/Debug/DebugIntValues.uexp" 730
"../../../Engine/Content/Functions/Engine_MaterialFunctions01/Texturing/ScaleUVsByCenter.uasset" 731
"../../../Engine/Content/Functions/Engine_MaterialFunctions01/Texturing/ScaleUVsByCenter.uexp" 732
"../../../Engine/Content/Functions/Engine_MaterialFunctions02/WorldPositionOffset/LocalPosition.uasset" 733
"../../../Engine/Content/Functions/Engine_MaterialFunctions02/WorldPositionOffset/LocalPosition.uexp" 734
"../../../Engine/Content/EditorLandscapeResources/LandscapeLayerUsageMaterial.uasset" 735
"../../../Engine/Content/EditorLandscapeResources/LandscapeLayerUsageMaterial.uexp" 736
"../../../Engine/Content/Functions/Engine_MaterialFunctions01/Texturing/FlattenNormal.uasset" 737
"../../../Engine/Content/Functions/Engine_MaterialFunctions01/Texturing/FlattenNormal.uexp" 738
"../../../Engine/Plugins/Interchange/Assets/Content/Utilities/New_LUT.uasset" 739
"../../../Engine/Plugins/Interchange/Assets/Content/Utilities/New_LUT.uexp" 740
"../../../Engine/Content/Functions/Engine_MaterialFunctions03/Math/RemapValueRange.uasset" 741
"../../../Engine/Content/Functions/Engine_MaterialFunctions03/Math/RemapValueRange.uexp" 742
"../../../Engine/Plugins/Interchange/Assets/Content/Functions/MF_Iridescence.uasset" 743
"../../../Engine/Plugins/Interchange/Assets/Content/Functions/MF_Iridescence.uexp" 744
"../../../Engine/Plugins/Interchange/Assets/Content/gltf/MaterialFunctions/MF_RotateNormals_TS.uasset" 745
"../../../Engine/Plugins/Interchange/Assets/Content/gltf/MaterialFunctions/MF_RotateNormals_TS.uexp" 746
"../../../Engine/Plugins/Interchange/Assets/Content/gltf/Textures/T_Generic_N.uasset" 747
"../../../Engine/Plugins/Interchange/Assets/Content/gltf/Textures/T_Generic_N.uexp" 748
"../../../Engine/Plugins/Interchange/Assets/Content/gltf/Textures/T_White_Linear.uasset" 749
"../../../Engine/Plugins/Interchange/Assets/Content/gltf/Textures/T_White_Linear.uexp" 750
"../../../Engine/Plugins/Interchange/Assets/Content/gltf/MaterialFunctions/MF_Clearcoat.uasset" 751
"../../../Engine/Plugins/Interchange/Assets/Content/gltf/MaterialFunctions/MF_Clearcoat.uexp" 752
"../../../Engine/Plugins/Interchange/Assets/Content/gltf/MaterialFunctions/MF_Emissive.uasset" 753
"../../../Engine/Plugins/Interchange/Assets/Content/gltf/MaterialFunctions/MF_Emissive.uexp" 754
"../../../Engine/Plugins/Interchange/Assets/Content/gltf/MaterialFunctions/MF_IOR.uasset" 755
"../../../Engine/Plugins/Interchange/Assets/Content/gltf/MaterialFunctions/MF_IOR.uexp" 756
"../../../Engine/Plugins/Interchange/Assets/Content/gltf/MaterialFunctions/MF_Iridescence.uasset" 757
"../../../Engine/Plugins/Interchange/Assets/Content/gltf/MaterialFunctions/MF_Iridescence.uexp" 758
"../../../Engine/Plugins/Interchange/Assets/Content/gltf/MaterialFunctions/MF_MetallicRoughness.uasset" 759
"../../../Engine/Plugins/Interchange/Assets/Content/gltf/MaterialFunctions/MF_MetallicRoughness.uexp" 760
"../../../Engine/Plugins/Interchange/Assets/Content/gltf/MaterialFunctions/MF_ScaleNormal.uasset" 761
"../../../Engine/Plugins/Interchange/Assets/Content/gltf/MaterialFunctions/MF_ScaleNormal.uexp" 762
"../../../Engine/Plugins/Interchange/Assets/Content/gltf/MaterialFunctions/MF_Normals.uasset" 763
"../../../Engine/Plugins/Interchange/Assets/Content/gltf/MaterialFunctions/MF_Normals.uexp" 764
"../../../Engine/Plugins/Interchange/Assets/Content/gltf/MaterialFunctions/MF_Occlusion.uasset" 765
"../../../Engine/Plugins/Interchange/Assets/Content/gltf/MaterialFunctions/MF_Occlusion.uexp" 766
"../../../Engine/Plugins/Interchange/Assets/Content/gltf/MaterialFunctions/MF_Specular.uasset" 767
"../../../Engine/Plugins/Interchange/Assets/Content/gltf/MaterialFunctions/MF_Specular.uexp" 768
"../../../Engine/Plugins/Interchange/Assets/Content/gltf/Textures/T_Anisotropy_Direction_Linear.uasset" 769
"../../../Engine/Plugins/Interchange/Assets/Content/gltf/Textures/T_Anisotropy_Direction_Linear.uexp" 770
"../../../Engine/Plugins/Interchange/Assets/Content/gltf/MaterialFunctions/MF_SpecularAnisotropy.uasset" 771
"../../../Engine/Plugins/Interchange/Assets/Content/gltf/MaterialFunctions/MF_SpecularAnisotropy.uexp" 772
"../../../Engine/Plugins/Interchange/Assets/Content/gltf/MaterialBodies/MF_ClearCoat_Body.uasset" 773
"../../../Engine/Plugins/Interchange/Assets/Content/gltf/MaterialBodies/MF_ClearCoat_Body.uexp" 774
"../../../Engine/Plugins/Interchange/Assets/Content/gltf/M_ClearCoat.uasset" 775
"../../../Engine/Plugins/Interchange/Assets/Content/gltf/M_ClearCoat.uexp" 776
"../../../Engine/Plugins/Interchange/Assets/Content/gltf/MaterialInstances/MI_ClearCoat_Blend.uasset" 777
"../../../Engine/Plugins/Interchange/Assets/Content/gltf/MaterialInstances/MI_ClearCoat_Blend.uexp" 778
"../../../Engine/Plugins/Interchange/Assets/Content/gltf/MaterialInstances/MI_ClearCoat_Mask.uasset" 779
"../../../Engine/Plugins/Interchange/Assets/Content/gltf/MaterialInstances/MI_ClearCoat_Mask.uexp" 780
"../../../Engine/Plugins/Interchange/Assets/Content/gltf/MaterialInstances/MI_ClearCoat_Mask_DS.uasset" 781
"../../../Engine/Plugins/Interchange/Assets/Content/gltf/MaterialInstances/MI_ClearCoat_Mask_DS.uexp" 782
"../../../Engine/Plugins/Interchange/Assets/Content/gltf/MaterialInstances/MI_ClearCoat_Opaque.uasset" 783
"../../../Engine/Plugins/Interchange/Assets/Content/gltf/MaterialInstances/MI_ClearCoat_Opaque.uexp" 784
"../../../Engine/Plugins/Interchange/Assets/Content/gltf/MaterialInstances/MI_ClearCoat_Opaque_DS.uasset" 785
"../../../Engine/Plugins/Interchange/Assets/Content/gltf/MaterialInstances/MI_ClearCoat_Opaque_DS.uexp" 786
"../../../Engine/Content/EditorLandscapeResources/WhiteSquareTexture.uasset" 787
"../../../Engine/Content/EditorLandscapeResources/WhiteSquareTexture.uexp" 788
"../../../Engine/Content/EditorLandscapeResources/LayerVisMaterial.uasset" 789
"../../../Engine/Content/EditorLandscapeResources/LayerVisMaterial.uexp" 790
"../../../Engine/Plugins/Interchange/Assets/Content/gltf/MaterialBodies/MF_Default_Body.uasset" 791
"../../../Engine/Plugins/Interchange/Assets/Content/gltf/MaterialBodies/MF_Default_Body.uexp" 792
"../../../Engine/Plugins/Interchange/Assets/Content/gltf/M_Default.uasset" 793
"../../../Engine/Plugins/Interchange/Assets/Content/gltf/M_Default.uexp" 794
"../../../Engine/Plugins/Interchange/Assets/Content/gltf/MaterialInstances/MI_Default_Blend.uasset" 795
"../../../Engine/Plugins/Interchange/Assets/Content/gltf/MaterialInstances/MI_Default_Blend.uexp" 796
"../../../Engine/Plugins/Media/MediaPlate/Content/SM_MediaPlateScreen.ubulk" 797
"../../../Engine/Plugins/Media/MediaPlate/Content/SM_MediaPlateScreen.uasset" 798
"../../../Engine/Plugins/Media/MediaPlate/Content/SM_MediaPlateScreen.uexp" 799
"../../../Engine/Plugins/Interchange/Assets/Content/gltf/MaterialInstances/MI_Default_Mask.uasset" 800
"../../../Engine/Plugins/Interchange/Assets/Content/gltf/MaterialInstances/MI_Default_Mask.uexp" 801
"../../../Engine/Plugins/NNE/NNEDenoiser/Content/NNEDIM_ColorAlbedoNormal_Alpha.uasset" 802
"../../../Engine/Plugins/NNE/NNEDenoiser/Content/NNEDIM_ColorAlbedoNormal_Alpha.uexp" 803
"../../../Engine/Plugins/Interchange/Assets/Content/gltf/MaterialInstances/MI_Default_Mask_DS.uasset" 804
"../../../Engine/Plugins/Interchange/Assets/Content/gltf/MaterialInstances/MI_Default_Mask_DS.uexp" 805
"../../../Engine/Plugins/NNE/NNEDenoiser/Content/NNEDIM_ColorAlbedoNormal_Default.uasset" 806
"../../../Engine/Plugins/NNE/NNEDenoiser/Content/NNEDIM_ColorAlbedoNormal_Default.uexp" 807
"../../../Engine/Content/Functions/Engine_MaterialFunctions03/Math/WithinRangeFloat2.uasset" 808
"../../../Engine/Content/Functions/Engine_MaterialFunctions03/Math/WithinRangeFloat2.uexp" 809
"../../../Engine/Content/EditorLandscapeResources/MaskBrushMaterial.uasset" 810
"../../../Engine/Content/EditorLandscapeResources/MaskBrushMaterial.uexp" 811
"../../../Engine/Content/EditorLandscapeResources/MaskBrushMaterial_MaskedRegion.uasset" 812
"../../../Engine/Content/EditorLandscapeResources/MaskBrushMaterial_MaskedRegion.uexp" 813
"../../../Engine/Plugins/NNE/NNEDenoiser/Content/NNEDIM_HighQuality_Alpha.uasset" 814
"../../../Engine/Plugins/NNE/NNEDenoiser/Content/NNEDIM_HighQuality_Alpha.uexp" 815
"../../../Engine/Plugins/NNE/NNEDenoiser/Content/NNEDIM_HighQuality_Default.uasset" 816
"../../../Engine/Plugins/NNE/NNEDenoiser/Content/NNEDIM_HighQuality_Default.uexp" 817
"../../../Engine/Plugins/NNE/NNEDenoiser/Content/NNEDOM_Output_Alpha.uasset" 818
"../../../Engine/Plugins/NNE/NNEDenoiser/Content/NNEDOM_Output_Alpha.uexp" 819
"../../../Engine/Plugins/NNE/NNEDenoiser/Content/NNEDOM_Output_Default.uasset" 820
"../../../Engine/Plugins/NNE/NNEDenoiser/Content/NNEDOM_Output_Default.uexp" 821
"../../../Engine/Plugins/Interchange/Assets/Content/gltf/MaterialFunctions/MF_Sheen.uasset" 822
"../../../Engine/Plugins/Interchange/Assets/Content/gltf/MaterialFunctions/MF_Sheen.uexp" 823
"../../../Engine/Plugins/Interchange/Assets/Content/gltf/MaterialBodies/MF_Sheen_Body.uasset" 824
"../../../Engine/Plugins/Interchange/Assets/Content/gltf/MaterialBodies/MF_Sheen_Body.uexp" 825
"../../../Engine/Plugins/Interchange/Assets/Content/gltf/M_Sheen.uasset" 826
"../../../Engine/Plugins/Interchange/Assets/Content/gltf/M_Sheen.uexp" 827
"../../../Engine/Plugins/Interchange/Assets/Content/gltf/MaterialInstances/MI_Sheen_Blend.uasset" 828
"../../../Engine/Plugins/Interchange/Assets/Content/gltf/MaterialInstances/MI_Sheen_Blend.uexp" 829
"../../../Engine/Plugins/NNE/NNEDenoiser/Content/NNEDTIM_ColorAlbedoNormal_Alpha.uasset" 830
"../../../Engine/Plugins/NNE/NNEDenoiser/Content/NNEDTIM_ColorAlbedoNormal_Alpha.uexp" 831
"../../../Engine/Plugins/NNE/NNEDenoiser/Content/NNEDTIM_ColorAlbedoNormal_Default.uasset" 832
"../../../Engine/Plugins/NNE/NNEDenoiser/Content/NNEDTIM_ColorAlbedoNormal_Default.uexp" 833
"../../../Engine/Plugins/NNE/NNEDenoiser/Content/NNEDTOM_Output_Alpha.uasset" 834
"../../../Engine/Plugins/NNE/NNEDenoiser/Content/NNEDTOM_Output_Alpha.uexp" 835
"../../../Engine/Plugins/NNE/NNEDenoiser/Content/NNEDTOM_Output_Default.uasset" 836
"../../../Engine/Plugins/NNE/NNEDenoiser/Content/NNEDTOM_Output_Default.uexp" 837
"../../../Engine/Plugins/NNE/NNEDenoiser/Content/NNEDT_Oidn2-3_Balanced.uasset" 838
"../../../Engine/Plugins/NNE/NNEDenoiser/Content/NNEDT_Oidn2-3_Balanced.uexp" 839
"../../../Engine/Plugins/Interchange/Assets/Content/gltf/MaterialInstances/MI_Sheen_Blend_DS.uasset" 840
"../../../Engine/Plugins/Interchange/Assets/Content/gltf/MaterialInstances/MI_Sheen_Blend_DS.uexp" 841
"../../../Engine/Plugins/NNE/NNEDenoiser/Content/NNEDT_Oidn2-3_Balanced_Alpha.uasset" 842
"../../../Engine/Plugins/NNE/NNEDenoiser/Content/NNEDT_Oidn2-3_Balanced_Alpha.uexp" 843
"../../../Engine/Plugins/NNE/NNEDenoiser/Content/NNED_Oidn2-3_Balanced.uasset" 844
"../../../Engine/Plugins/NNE/NNEDenoiser/Content/NNED_Oidn2-3_Balanced.uexp" 845
"../../../Engine/Plugins/Interchange/Assets/Content/gltf/MaterialInstances/MI_Sheen_Mask.uasset" 846
"../../../Engine/Plugins/Interchange/Assets/Content/gltf/MaterialInstances/MI_Sheen_Mask.uexp" 847
"../../../Engine/Plugins/NNE/NNEDenoiser/Content/NNED_Oidn2-3_Balanced_Alpha.uasset" 848
"../../../Engine/Plugins/NNE/NNEDenoiser/Content/NNED_Oidn2-3_Balanced_Alpha.uexp" 849
"../../../Engine/Plugins/NNE/NNEDenoiser/Content/NNED_Oidn2-3_Fast.uasset" 850
"../../../Engine/Plugins/NNE/NNEDenoiser/Content/NNED_Oidn2-3_Fast.uexp" 851
"../../../Engine/Plugins/NNE/NNEDenoiser/Content/NNED_Oidn2-3_Fast_Alpha.uasset" 852
"../../../Engine/Plugins/NNE/NNEDenoiser/Content/NNED_Oidn2-3_Fast_Alpha.uexp" 853
"../../../Engine/Plugins/Interchange/Assets/Content/gltf/MaterialInstances/MI_Sheen_Mask_DS.uasset" 854
"../../../Engine/Plugins/Interchange/Assets/Content/gltf/MaterialInstances/MI_Sheen_Mask_DS.uexp" 855
"../../../Engine/Plugins/NNE/NNEDenoiser/Content/NNED_Oidn2-3_HighQuality.uasset" 856
"../../../Engine/Plugins/NNE/NNEDenoiser/Content/NNED_Oidn2-3_HighQuality.uexp" 857
"../../../Engine/Plugins/NNE/NNEDenoiser/Content/NNED_Oidn2-3_HighQuality_Alpha.uasset" 858
"../../../Engine/Plugins/NNE/NNEDenoiser/Content/NNED_Oidn2-3_HighQuality_Alpha.uexp" 859
"../../../Engine/Plugins/Interchange/Assets/Content/gltf/MaterialInstances/MI_Sheen_Opaque.uasset" 860
"../../../Engine/Plugins/Interchange/Assets/Content/gltf/MaterialInstances/MI_Sheen_Opaque.uexp" 861
"../../../Engine/Plugins/NNE/NNEDenoiser/Content/NNE_oidn2-3-0_rt_hdr_alb_nrm_small__dyn__fp16_opset11_DenoiseAlpha.uasset" 862
"../../../Engine/Plugins/NNE/NNEDenoiser/Content/NNE_oidn2-3-0_rt_hdr_alb_nrm_small__dyn__fp16_opset11_DenoiseAlpha.uexp" 863
"../../../Engine/Plugins/NNE/NNEDenoiser/Content/NNE_oidn2-3-0_rt_hdr_alb_nrm_small__dyn__fp16_opset11_ForwardAlpha.uasset" 864
"../../../Engine/Plugins/NNE/NNEDenoiser/Content/NNE_oidn2-3-0_rt_hdr_alb_nrm_small__dyn__fp16_opset11_ForwardAlpha.uexp" 865
"../../../Engine/Plugins/Interchange/Assets/Content/gltf/MaterialInstances/MI_Sheen_Opaque_DS.uasset" 866
"../../../Engine/Plugins/Interchange/Assets/Content/gltf/MaterialInstances/MI_Sheen_Opaque_DS.uexp" 867
"../../../Engine/Plugins/NNE/NNEDenoiser/Content/NNE_oidn2-3-0_rt_hdr_alb_nrm__dyn__fp16_opset11_DenoiseAlpha.uasset" 868
"../../../Engine/Plugins/NNE/NNEDenoiser/Content/NNE_oidn2-3-0_rt_hdr_alb_nrm__dyn__fp16_opset11_DenoiseAlpha.uexp" 869
"../../../Engine/Content/EditorLandscapeResources/SelectBrushMaterial.uasset" 870
"../../../Engine/Content/EditorLandscapeResources/SelectBrushMaterial.uexp" 871
"../../../Engine/Content/EditorLandscapeResources/SelectBrushMaterial_Selected.uasset" 872
"../../../Engine/Content/EditorLandscapeResources/SelectBrushMaterial_Selected.uexp" 873
"../../../Engine/Plugins/NNE/NNEDenoiser/Content/NNE_oidn2-3-0_rt_hdr_alb_nrm__dyn__fp16_opset11_ForwardAlpha.uasset" 874
"../../../Engine/Plugins/NNE/NNEDenoiser/Content/NNE_oidn2-3-0_rt_hdr_alb_nrm__dyn__fp16_opset11_ForwardAlpha.uexp" 875
"../../../Engine/Content/EditorLandscapeResources/SelectBrushMaterial_SelectedRegion.uasset" 876
"../../../Engine/Content/EditorLandscapeResources/SelectBrushMaterial_SelectedRegion.uexp" 877
"../../../Engine/Content/Functions/Engine_MaterialFunctions02/Math/AddComponents.uasset" 878
"../../../Engine/Content/Functions/Engine_MaterialFunctions02/Math/AddComponents.uexp" 879
"../../../Engine/Plugins/Interchange/Assets/Content/gltf/MaterialFunctions/MF_DiffuseSpecGloss.uasset" 880
"../../../Engine/Plugins/Interchange/Assets/Content/gltf/MaterialFunctions/MF_DiffuseSpecGloss.uexp" 881
"../../../Engine/Plugins/Interchange/Assets/Content/gltf/MaterialFunctions/MF_MaxComponentValue.uasset" 882
"../../../Engine/Plugins/Interchange/Assets/Content/gltf/MaterialFunctions/MF_MaxComponentValue.uexp" 883
"../../../Engine/Plugins/Interchange/Assets/Content/gltf/MaterialFunctions/MF_PerceivedBrightness.uasset" 884
"../../../Engine/Plugins/Interchange/Assets/Content/gltf/MaterialFunctions/MF_PerceivedBrightness.uexp" 885
"../../../Engine/Plugins/Interchange/Assets/Content/gltf/MaterialFunctions/MF_SpecGlossToMetalRoughness.uasset" 886
"../../../Engine/Plugins/Interchange/Assets/Content/gltf/MaterialFunctions/MF_SpecGlossToMetalRoughness.uexp" 887
"../../../Engine/Plugins/Interchange/Assets/Content/gltf/MaterialBodies/MF_SpecularGlossiness_Body.uasset" 888
"../../../Engine/Plugins/Interchange/Assets/Content/gltf/MaterialBodies/MF_SpecularGlossiness_Body.uexp" 889
"../../../Engine/Plugins/Interchange/Assets/Content/gltf/M_SpecularGlossiness.uasset" 890
"../../../Engine/Plugins/Interchange/Assets/Content/gltf/M_SpecularGlossiness.uexp" 891
"../../../Engine/Plugins/Interchange/Assets/Content/gltf/MaterialInstances/MI_SpecularGlossiness_Blend.uasset" 892
"../../../Engine/Plugins/Interchange/Assets/Content/gltf/MaterialInstances/MI_SpecularGlossiness_Blend.uexp" 893
"../../../Engine/Plugins/Interchange/Assets/Content/gltf/MaterialInstances/MI_SpecularGlossiness_Blend_DS.uasset" 894
"../../../Engine/Plugins/Interchange/Assets/Content/gltf/MaterialInstances/MI_SpecularGlossiness_Blend_DS.uexp" 895
"../../../Engine/Plugins/NNE/NNEDenoiser/Content/NNE_oidn2-3-0_rt_hdr_calb_cnrm_large__dyn__fp16_opset11_DenoiseAlpha.uasset" 896
"../../../Engine/Plugins/NNE/NNEDenoiser/Content/NNE_oidn2-3-0_rt_hdr_calb_cnrm_large__dyn__fp16_opset11_DenoiseAlpha.uexp" 897
"../../../Engine/Plugins/NNE/NNEDenoiser/Content/NNE_oidn2-3-0_rt_hdr_calb_cnrm_large__dyn__fp16_opset11_ForwardAlpha.uasset" 898
"../../../Engine/Plugins/NNE/NNEDenoiser/Content/NNE_oidn2-3-0_rt_hdr_calb_cnrm_large__dyn__fp16_opset11_ForwardAlpha.uexp" 899
"../../../Engine/Plugins/Interchange/Assets/Content/gltf/MaterialInstances/MI_SpecularGlossiness_Mask.uasset" 900
"../../../Engine/Plugins/Interchange/Assets/Content/gltf/MaterialInstances/MI_SpecularGlossiness_Mask.uexp" 901
"../../../Engine/Plugins/Interchange/Assets/Content/gltf/MaterialInstances/MI_SpecularGlossiness_Mask_DS.uasset" 902
"../../../Engine/Plugins/Interchange/Assets/Content/gltf/MaterialInstances/MI_SpecularGlossiness_Mask_DS.uexp" 903
"../../../Engine/Content/EditorLandscapeResources/SplineEditorMeshMat.uasset" 904
"../../../Engine/Content/EditorLandscapeResources/SplineEditorMeshMat.uexp" 905
"../../../Engine/Content/EditorLandscapeResources/SplineEditorMesh.ubulk" 906
"../../../Engine/Content/EditorLandscapeResources/SplineEditorMesh.uasset" 907
"../../../Engine/Content/EditorLandscapeResources/SplineEditorMesh.uexp" 908
"../../../Engine/Plugins/Interchange/Assets/Content/gltf/MaterialInstances/MI_SpecularGlossiness_Opaque.uasset" 909
"../../../Engine/Plugins/Interchange/Assets/Content/gltf/MaterialInstances/MI_SpecularGlossiness_Opaque.uexp" 910
"../../../Engine/Plugins/Interchange/Assets/Content/gltf/MaterialInstances/MI_SpecularGlossiness_Opaque_DS.uasset" 911
"../../../Engine/Plugins/Interchange/Assets/Content/gltf/MaterialInstances/MI_SpecularGlossiness_Opaque_DS.uexp" 912
"../../../Engine/Content/EngineMaterials/Good64x64TilingNoiseHighFreq.uasset" 913
"../../../Engine/Content/EngineMaterials/Good64x64TilingNoiseHighFreq.uexp" 914
"../../../Engine/Content/Functions/Engine_MaterialFunctions02/Texturing/ScreenAlignedPixelToPixelUVs.uasset" 915
"../../../Engine/Content/Functions/Engine_MaterialFunctions02/Texturing/ScreenAlignedPixelToPixelUVs.uexp" 916
"../../../Engine/Plugins/Interchange/Assets/Content/gltf/MaterialFunctions/MF_Fresnel_DS.uasset" 917
"../../../Engine/Plugins/Interchange/Assets/Content/gltf/MaterialFunctions/MF_Fresnel_DS.uexp" 918
"../../../Engine/Plugins/Interchange/Assets/Content/gltf/MaterialFunctions/MF_Temporal_Blur.uasset" 919
"../../../Engine/Plugins/Interchange/Assets/Content/gltf/MaterialFunctions/MF_Temporal_Blur.uexp" 920
"../../../Engine/Plugins/Interchange/Assets/Content/gltf/MaterialFunctions/MF_Transmission.uasset" 921
"../../../Engine/Plugins/Interchange/Assets/Content/gltf/MaterialFunctions/MF_Transmission.uexp" 922
"../../../Engine/Plugins/Interchange/Assets/Content/gltf/MaterialBodies/MF_Transmission_Body.uasset" 923
"../../../Engine/Plugins/Interchange/Assets/Content/gltf/MaterialBodies/MF_Transmission_Body.uexp" 924
"../../../Engine/Plugins/Interchange/Assets/Content/gltf/M_Transmission.uasset" 925
"../../../Engine/Plugins/Interchange/Assets/Content/gltf/M_Transmission.uexp" 926
"../../../Engine/Plugins/Interchange/Assets/Content/gltf/MaterialInstances/MI_Transmission.uasset" 927
"../../../Engine/Plugins/Interchange/Assets/Content/gltf/MaterialInstances/MI_Transmission.uexp" 928
"../../../Engine/Plugins/Interchange/Assets/Content/gltf/MaterialInstances/MI_Transmission_DS.uasset" 929
"../../../Engine/Plugins/Interchange/Assets/Content/gltf/MaterialInstances/MI_Transmission_DS.uexp" 930
"../../../Engine/Content/BasicShapes/BasicShapeMaterial.uasset" 931
"../../../Engine/Content/BasicShapes/BasicShapeMaterial.uexp" 932
"../../../Engine/Content/BasicShapes/Cone.ubulk" 933
"../../../Engine/Content/BasicShapes/Cone.uasset" 934
"../../../Engine/Content/BasicShapes/Cone.uexp" 935
"../../../Engine/Content/BasicShapes/Cube.ubulk" 936
"../../../Engine/Content/BasicShapes/Cube.uasset" 937
"../../../Engine/Content/BasicShapes/Cube.uexp" 938
"../../../Engine/Content/BasicShapes/Cylinder.ubulk" 939
"../../../Engine/Content/BasicShapes/Cylinder.uasset" 940
"../../../Engine/Content/BasicShapes/Cylinder.uexp" 941
"../../../Engine/Content/ArtTools/RenderToTexture/Meshes/S_1_Unit_Plane.ubulk" 942
"../../../Engine/Content/ArtTools/RenderToTexture/Meshes/S_1_Unit_Plane.uasset" 943
"../../../Engine/Content/ArtTools/RenderToTexture/Meshes/S_1_Unit_Plane.uexp" 944
"../../../Engine/Content/EditorMaterials/PhAT_NoCollisionMaterial.uasset" 945
"../../../Engine/Content/EditorMaterials/PhAT_NoCollisionMaterial.uexp" 946
"../../../Engine/Content/EngineMaterials/Substrate/GLints/AGlintTex2dArray.uasset" 947
"../../../Engine/Content/EngineMaterials/Substrate/GLints/AGlintTex2dArray.uexp" 948
"../../../Engine/Plugins/Experimental/Water/Content/Materials/MPC/MPC_Water.uasset" 949
"../../../Engine/Plugins/Experimental/Water/Content/Materials/MPC/MPC_Water.uexp" 950
"../../../Engine/Plugins/Experimental/WaterAdvanced/Content/Niagara/DataChannels/NDC_ShallowWater.uasset" 951
"../../../Engine/Plugins/Experimental/WaterAdvanced/Content/Niagara/DataChannels/NDC_ShallowWater.uexp" 952
"../../../Engine/Plugins/Interchange/Runtime/Content/Pipelines/DefaultAssetsPipeline.uasset" 953
"../../../Engine/Plugins/Interchange/Runtime/Content/Pipelines/DefaultAssetsPipeline.uexp" 954
"../../../Engine/Plugins/Interchange/Runtime/Content/Pipelines/DefaultAudioPipeline.uasset" 955
"../../../Engine/Plugins/Interchange/Runtime/Content/Pipelines/DefaultAudioPipeline.uexp" 956
"../../../Engine/Plugins/Interchange/Runtime/Content/Pipelines/DefaultGLTFAssetsPipeline.uasset" 957
"../../../Engine/Plugins/Interchange/Runtime/Content/Pipelines/DefaultGLTFAssetsPipeline.uexp" 958
"../../../Engine/Plugins/Interchange/Runtime/Content/Pipelines/DefaultGLTFPipeline.uasset" 959
"../../../Engine/Plugins/Interchange/Runtime/Content/Pipelines/DefaultGLTFPipeline.uexp" 960
"../../../Engine/Plugins/Interchange/Runtime/Content/Pipelines/DefaultGLTFSceneAssetsPipeline.uasset" 961
"../../../Engine/Plugins/Interchange/Runtime/Content/Pipelines/DefaultGLTFSceneAssetsPipeline.uexp" 962
"../../../Engine/Plugins/Interchange/Runtime/Content/Pipelines/DefaultMaterialPipeline.uasset" 963
"../../../Engine/Plugins/Interchange/Runtime/Content/Pipelines/DefaultMaterialPipeline.uexp" 964
"../../../Engine/Plugins/Interchange/Runtime/Content/Pipelines/DefaultMaterialXPipeline.uasset" 965
"../../../Engine/Plugins/Interchange/Runtime/Content/Pipelines/DefaultMaterialXPipeline.uexp" 966
"../../../Engine/Plugins/Interchange/Runtime/Content/Pipelines/DefaultSceneAssetsPipeline.uasset" 967
"../../../Engine/Plugins/Interchange/Runtime/Content/Pipelines/DefaultSceneAssetsPipeline.uexp" 968
"../../../Engine/Plugins/Interchange/Runtime/Content/Pipelines/DefaultSceneLevelPipeline.uasset" 969
"../../../Engine/Plugins/Interchange/Runtime/Content/Pipelines/DefaultSceneLevelPipeline.uexp" 970
"../../../Engine/Plugins/Interchange/Runtime/Content/Pipelines/DefaultTexturePipeline.uasset" 971
"../../../Engine/Plugins/Interchange/Runtime/Content/Pipelines/DefaultTexturePipeline.uexp" 972
"../../../Engine/Content/EngineMaterials/Substrate/Glints2/AGlintTex2dArray2.uasset" 973
"../../../Engine/Content/EngineMaterials/Substrate/Glints2/AGlintTex2dArray2.uexp" 974
"../../../Engine/Content/Functions/Engine_MaterialFunctions01/Shading/ConvertFromDiffSpec.uasset" 975
"../../../Engine/Content/Functions/Engine_MaterialFunctions01/Shading/ConvertFromDiffSpec.uexp" 976
"../../../Engine/Content/Functions/Engine_MaterialFunctions01/Shading/PowerToRoughness.uasset" 977
"../../../Engine/Content/Functions/Engine_MaterialFunctions01/Shading/PowerToRoughness.uexp" 978
"../../../Engine/Content/EngineMaterials/Substrate/Volume/SubstrateSimpleVolumeEnvLUT3D.uasset" 979
"../../../Engine/Content/EngineMaterials/Substrate/Volume/SubstrateSimpleVolumeEnvLUT3D.uexp" 980
"../../../Engine/Content/EngineMaterials/Substrate/Volume/SubstrateSimpleVolumeLUT3D.uasset" 981
"../../../Engine/Content/EngineMaterials/Substrate/Volume/SubstrateSimpleVolumeLUT3D.uexp" 982
"../../../Engine/Content/EngineMaterials/BlendFunc_DefBase.uasset" 983
"../../../Engine/Content/EngineMaterials/BlendFunc_DefBase.uexp" 984
"../../../Engine/Content/EngineMaterials/BlendFunc_DefBlend.uasset" 985
"../../../Engine/Content/EngineMaterials/BlendFunc_DefBlend.uexp" 986
"../../../Engine/Content/Functions/Engine_MaterialFunctions03/Blends/Blend_Screen.uasset" 987
"../../../Engine/Content/Functions/Engine_MaterialFunctions03/Blends/Blend_Screen.uexp" 988
"../../../Engine/Content/Functions/Engine_MaterialFunctions03/Procedurals/ComputeFilterWidth.uasset" 989
"../../../Engine/Content/Functions/Engine_MaterialFunctions03/Procedurals/ComputeFilterWidth.uexp" 990
"../../../Engine/Content/EditorMaterials/TilingAALineIntegral.uasset" 991
"../../../Engine/Content/EditorMaterials/TilingAALineIntegral.uexp" 992
"../../../Engine/Content/EditorMaterials/TilingAALineBoxFiltered.uasset" 993
"../../../Engine/Content/EditorMaterials/TilingAALineBoxFiltered.uexp" 994
"../../../Engine/Content/EditorMaterials/TilingAAGrid.uasset" 995
"../../../Engine/Content/EditorMaterials/TilingAAGrid.uexp" 996
"../../../Engine/Content/EngineResources/Black_Low.uasset" 997
"../../../Engine/Content/EngineResources/Black_Low.uexp" 998
"../../../Engine/Plugins/Experimental/Landmass/Content/Landscape/BlueprintBrushes/MPC/MPC_Landscape.uasset" 999
"../../../Engine/Plugins/Experimental/Landmass/Content/Landscape/BlueprintBrushes/MPC/MPC_Landscape.uexp" 1000
"../../../Engine/Plugins/Experimental/Landmass/Content/Landscape/BlueprintBrushes/MF/PointSampleLandscapeUVs.uasset" 1001
"../../../Engine/Plugins/Experimental/Landmass/Content/Landscape/BlueprintBrushes/MF/PointSampleLandscapeUVs.uexp" 1002
"../../../Engine/Content/Functions/Engine_MaterialFunctions01/ImageAdjustment/SCurve.uasset" 1003
"../../../Engine/Content/Functions/Engine_MaterialFunctions01/ImageAdjustment/SCurve.uexp" 1004
"../../../Engine/Plugins/Experimental/Landmass/Content/Landscape/OldPrototype_BP/Mats/MF/UnpackRG8Height.uasset" 1005
"../../../Engine/Plugins/Experimental/Landmass/Content/Landscape/OldPrototype_BP/Mats/MF/UnpackRG8Height.uexp" 1006
"../../../Engine/Plugins/Experimental/Landmass/Content/Landscape/BlueprintBrushes/MF/LandmassBrush_UVs.uasset" 1007
"../../../Engine/Plugins/Experimental/Landmass/Content/Landscape/BlueprintBrushes/MF/LandmassBrush_UVs.uexp" 1008
"../../../Engine/Plugins/Experimental/Landmass/Content/Landscape/BlueprintBrushes/MF/LandmassBrush_EdgeFalloff.uasset" 1009
"../../../Engine/Plugins/Experimental/Landmass/Content/Landscape/BlueprintBrushes/MF/LandmassBrush_EdgeFalloff.uexp" 1010
"../../../Engine/Plugins/Experimental/Landmass/Content/Landscape/BlueprintBrushes/MF/LandmassBrush_Noise.uasset" 1011
"../../../Engine/Plugins/Experimental/Landmass/Content/Landscape/BlueprintBrushes/MF/LandmassBrush_Noise.uexp" 1012
"../../../Engine/Plugins/Experimental/Landmass/Content/Landscape/BlueprintBrushes/MF/Landmass_BrushTilt.uasset" 1013
"../../../Engine/Plugins/Experimental/Landmass/Content/Landscape/BlueprintBrushes/MF/Landmass_BrushTilt.uexp" 1014
"../../../Engine/Content/ArtTools/RenderToTexture/Textures/T_EV_BlankWhite_01.uasset" 1015
"../../../Engine/Content/ArtTools/RenderToTexture/Textures/T_EV_BlankWhite_01.uexp" 1016
"../../../Engine/Plugins/Experimental/Landmass/Content/Landscape/BlueprintBrushes/Materials/BrushMaterials/BasicFunctions/LandmassBrush_ShapeMask.uasset" 1017
"../../../Engine/Plugins/Experimental/Landmass/Content/Landscape/BlueprintBrushes/Materials/BrushMaterials/BasicFunctions/LandmassBrush_ShapeMask.uexp" 1018
"../../../Engine/Plugins/Experimental/Landmass/Content/Landscape/BlueprintBrushes/Materials/Internal/BrushBounds.uasset" 1019
"../../../Engine/Plugins/Experimental/Landmass/Content/Landscape/BlueprintBrushes/Materials/Internal/BrushBounds.uexp" 1020
"../../../Engine/Content/EditorResources/S_Terrain.ubulk" 1021
"../../../Engine/Content/EditorResources/S_Terrain.uasset" 1022
"../../../Engine/Content/EditorResources/S_Terrain.uexp" 1023
"../../../Engine/Content/Functions/Engine_MaterialFunctions02/WorldPositionOffset/ComponentPivotLocation.uasset" 1024
"../../../Engine/Content/Functions/Engine_MaterialFunctions02/WorldPositionOffset/ComponentPivotLocation.uexp" 1025
"../../../Engine/Content/Functions/Engine_MaterialFunctions02/WorldPositionOffset/Sprite.uasset" 1026
"../../../Engine/Content/Functions/Engine_MaterialFunctions02/WorldPositionOffset/Sprite.uexp" 1027
"../../../Engine/Plugins/Experimental/Landmass/Content/Landscape/BlueprintBrushes/Materials/Sprite/M_BrushSprite_01.uasset" 1028
"../../../Engine/Plugins/Experimental/Landmass/Content/Landscape/BlueprintBrushes/Materials/Sprite/M_BrushSprite_01.uexp" 1029
"../../../Engine/Content/Maps/Entry_BuiltData.uasset" 1030
"../../../Engine/Content/Maps/Entry_BuiltData.uexp" 1031
"../../../Engine/Content/Maps/Entry.uexp" 1032
"../../../Engine/Content/Maps/Entry.umap" 1033
"../../../Engine/Content/MapTemplates/SM_Template_Map_Floor.ubulk" 1034
"../../../Engine/Content/MapTemplates/SM_Template_Map_Floor.uasset" 1035
"../../../Engine/Content/MapTemplates/SM_Template_Map_Floor.uexp" 1036
"../../../Engine/Content/Functions/Engine_MaterialFunctions02/Utility/BreakOutFloat4Components.uasset" 1037
"../../../Engine/Content/Functions/Engine_MaterialFunctions02/Utility/BreakOutFloat4Components.uexp" 1038
"../../../Engine/Content/Functions/Engine_MaterialFunctions02/Utility/MakeFloat4.uasset" 1039
"../../../Engine/Content/Functions/Engine_MaterialFunctions02/Utility/MakeFloat4.uexp" 1040
"../../../Engine/Content/EngineResources/DefaultVolumeTexture2D.uasset" 1041
"../../../Engine/Content/EngineResources/DefaultVolumeTexture2D.uexp" 1042
"../../../Engine/Content/EngineResources/DefaultVolumeTexture.uasset" 1043
"../../../Engine/Content/EngineResources/DefaultVolumeTexture.uexp" 1044
"../../../Engine/Content/EngineSky/VolumetricClouds/VT_Lightning.uasset" 1045
"../../../Engine/Content/EngineSky/VolumetricClouds/VT_Lightning.uexp" 1046
"../../../Engine/Content/Functions/Engine_MaterialFunctions01/Units/Km-to-Cm.uasset" 1047
"../../../Engine/Content/Functions/Engine_MaterialFunctions01/Units/Km-to-Cm.uexp" 1048
"../../../Engine/Content/EngineSky/VolumetricClouds/m_SimpleVolumetricCloud.uasset" 1049
"../../../Engine/Content/EngineSky/VolumetricClouds/m_SimpleVolumetricCloud.uexp" 1050
"../../../Engine/Content/EngineSky/VolumetricClouds/T_CloudMask.ubulk" 1051
"../../../Engine/Content/EngineSky/VolumetricClouds/T_CloudMask.uasset" 1052
"../../../Engine/Content/EngineSky/VolumetricClouds/T_CloudMask.uexp" 1053
"../../../Engine/Content/EngineSky/VolumetricClouds/T_CloudPattern.ubulk" 1054
"../../../Engine/Content/EngineSky/VolumetricClouds/T_CloudPattern.uasset" 1055
"../../../Engine/Content/EngineSky/VolumetricClouds/T_CloudPattern.uexp" 1056
"../../../Engine/Content/EngineSky/VolumetricClouds/T_Profile_08.ubulk" 1057
"../../../Engine/Content/EngineSky/VolumetricClouds/T_Profile_08.uasset" 1058
"../../../Engine/Content/EngineSky/VolumetricClouds/T_Profile_08.uexp" 1059
"../../../Engine/Content/EngineSky/VolumetricClouds/VT_PerlinWorley_Balanced.uasset" 1060
"../../../Engine/Content/EngineSky/VolumetricClouds/VT_PerlinWorley_Balanced.uexp" 1061
"../../../Engine/Content/EngineSky/VolumetricClouds/m_SimpleVolumetricCloud_Inst.uasset" 1062
"../../../Engine/Content/EngineSky/VolumetricClouds/m_SimpleVolumetricCloud_Inst.uexp" 1063
"../../../Engine/Content/Functions/Engine_MaterialFunctions03/Blends/Blend_Overlay.uasset" 1064
"../../../Engine/Content/Functions/Engine_MaterialFunctions03/Blends/Blend_Overlay.uexp" 1065
"../../../Engine/Content/Functions/Engine_MaterialFunctions01/Gradient/LinearGradient.uasset" 1066
"../../../Engine/Content/Functions/Engine_MaterialFunctions01/Gradient/LinearGradient.uexp" 1067
"../../../Engine/Content/Functions/Engine_MaterialFunctions01/ImageAdjustment/CheapContrast.uasset" 1068
"../../../Engine/Content/Functions/Engine_MaterialFunctions01/ImageAdjustment/CheapContrast.uexp" 1069
"../../../Engine/Content/OpenWorldTemplate/LandscapeMaterial/T_GridChecker_A.ubulk" 1070
"../../../Engine/Content/OpenWorldTemplate/LandscapeMaterial/T_GridChecker_A.uasset" 1071
"../../../Engine/Content/OpenWorldTemplate/LandscapeMaterial/T_GridChecker_A.uexp" 1072
"../../../Engine/Content/OpenWorldTemplate/LandscapeMaterial/MF_ProcGrid.uasset" 1073
"../../../Engine/Content/OpenWorldTemplate/LandscapeMaterial/MF_ProcGrid.uexp" 1074
"../../../Engine/Content/OpenWorldTemplate/LandscapeMaterial/M_ProcGrid.uasset" 1075
"../../../Engine/Content/OpenWorldTemplate/LandscapeMaterial/M_ProcGrid.uexp" 1076
"../../../Engine/Content/OpenWorldTemplate/LandscapeMaterial/MI_ProcGrid.uasset" 1077
"../../../Engine/Content/OpenWorldTemplate/LandscapeMaterial/MI_ProcGrid.uexp" 1078
"C:/Users/emanu/Documents/GitHub/FairyTaleGameJamTeam2/FairyTaleTeam2/Content/a_Fairytale/Audio/SC_Master.uasset" 1079
"C:/Users/emanu/Documents/GitHub/FairyTaleGameJamTeam2/FairyTaleTeam2/Content/a_Fairytale/Audio/SC_Master.uexp" 1080
"C:/Users/emanu/Documents/GitHub/FairyTaleGameJamTeam2/FairyTaleTeam2/Content/a_Fairytale/Audio/SC_Environment.uasset" 1081
"C:/Users/emanu/Documents/GitHub/FairyTaleGameJamTeam2/FairyTaleTeam2/Content/a_Fairytale/Audio/SC_Environment.uexp" 1082
"C:/Users/emanu/Documents/GitHub/FairyTaleGameJamTeam2/FairyTaleTeam2/Content/a_Fairytale/Audio/Splintered_Eyes_Soundtrack.ubulk" 1083
"C:/Users/emanu/Documents/GitHub/FairyTaleGameJamTeam2/FairyTaleTeam2/Content/a_Fairytale/Audio/Splintered_Eyes_Soundtrack.uasset" 1084
"C:/Users/emanu/Documents/GitHub/FairyTaleGameJamTeam2/FairyTaleTeam2/Content/a_Fairytale/Audio/Splintered_Eyes_Soundtrack.uexp" 1085
"C:/Users/emanu/Documents/GitHub/FairyTaleGameJamTeam2/FairyTaleTeam2/Content/a_Fairytale/Audio/SW_Thunderstorm.ubulk" 1086
"C:/Users/emanu/Documents/GitHub/FairyTaleGameJamTeam2/FairyTaleTeam2/Content/a_Fairytale/Audio/SW_Thunderstorm.uasset" 1087
"C:/Users/emanu/Documents/GitHub/FairyTaleGameJamTeam2/FairyTaleTeam2/Content/a_Fairytale/Audio/SW_Thunderstorm.uexp" 1088
"C:/Users/emanu/Documents/GitHub/FairyTaleGameJamTeam2/FairyTaleTeam2/Content/Input/Actions/IA_Interact.uasset" 1089
"C:/Users/emanu/Documents/GitHub/FairyTaleGameJamTeam2/FairyTaleTeam2/Content/Input/Actions/IA_Interact.uexp" 1090
"C:/Users/emanu/Documents/GitHub/FairyTaleGameJamTeam2/FairyTaleTeam2/Content/Input/Actions/IA_FlashToggle.uasset" 1091
"C:/Users/emanu/Documents/GitHub/FairyTaleGameJamTeam2/FairyTaleTeam2/Content/Input/Actions/IA_FlashToggle.uexp" 1092
"C:/Users/emanu/Documents/GitHub/FairyTaleGameJamTeam2/FairyTaleTeam2/Content/Input/Actions/IA_Jump.uasset" 1093
"C:/Users/emanu/Documents/GitHub/FairyTaleGameJamTeam2/FairyTaleTeam2/Content/Input/Actions/IA_Jump.uexp" 1094
"C:/Users/emanu/Documents/GitHub/FairyTaleGameJamTeam2/FairyTaleTeam2/Content/Input/Actions/IA_Look.uasset" 1095
"C:/Users/emanu/Documents/GitHub/FairyTaleGameJamTeam2/FairyTaleTeam2/Content/Input/Actions/IA_Look.uexp" 1096
"C:/Users/emanu/Documents/GitHub/FairyTaleGameJamTeam2/FairyTaleTeam2/Content/Input/Actions/IA_Move.uasset" 1097
"C:/Users/emanu/Documents/GitHub/FairyTaleGameJamTeam2/FairyTaleTeam2/Content/Input/Actions/IA_Move.uexp" 1098
"C:/Users/emanu/Documents/GitHub/FairyTaleGameJamTeam2/FairyTaleTeam2/Content/Input/Actions/IA_Pause.uasset" 1099
"C:/Users/emanu/Documents/GitHub/FairyTaleGameJamTeam2/FairyTaleTeam2/Content/Input/Actions/IA_Pause.uexp" 1100
"C:/Users/emanu/Documents/GitHub/FairyTaleGameJamTeam2/FairyTaleTeam2/Content/Input/Actions/IA_MouseLook.uasset" 1101
"C:/Users/emanu/Documents/GitHub/FairyTaleGameJamTeam2/FairyTaleTeam2/Content/Input/Actions/IA_MouseLook.uexp" 1102
"C:/Users/emanu/Documents/GitHub/FairyTaleGameJamTeam2/FairyTaleTeam2/Content/a_Fairytale/Blueprints/BPI_Interaction.uasset" 1103
"C:/Users/emanu/Documents/GitHub/FairyTaleGameJamTeam2/FairyTaleTeam2/Content/a_Fairytale/Blueprints/BPI_Interaction.uexp" 1104
"C:/Users/emanu/Documents/GitHub/FairyTaleGameJamTeam2/FairyTaleTeam2/Content/a_Fairytale/Audio/SW_MagicWand.ubulk" 1105
"C:/Users/emanu/Documents/GitHub/FairyTaleGameJamTeam2/FairyTaleTeam2/Content/a_Fairytale/Audio/SW_MagicWand.uasset" 1106
"C:/Users/emanu/Documents/GitHub/FairyTaleGameJamTeam2/FairyTaleTeam2/Content/a_Fairytale/Audio/SW_MagicWand.uexp" 1107
"../../../Engine/Content/EngineResources/DefaultTexture.ubulk" 1108
"../../../Engine/Content/EngineResources/DefaultTexture.uasset" 1109
"../../../Engine/Content/EngineResources/DefaultTexture.uexp" 1110
"../../../Engine/Content/EngineMaterials/DefaultNormal.ubulk" 1111
"../../../Engine/Content/EngineMaterials/DefaultNormal.uasset" 1112
"../../../Engine/Content/EngineMaterials/DefaultNormal.uexp" 1113
"../../../Engine/Content/Functions/Engine_MaterialFunctions03/Procedurals/NormalFromHeightmap.uasset" 1114
"../../../Engine/Content/Functions/Engine_MaterialFunctions03/Procedurals/NormalFromHeightmap.uexp" 1115
"../../../Engine/Plugins/Interchange/Assets/Content/Functions/MF_PhongToMetalRoughness.uasset" 1116
"../../../Engine/Plugins/Interchange/Assets/Content/Functions/MF_PhongToMetalRoughness.uexp" 1117
"../../../Engine/Plugins/Interchange/Assets/Content/Materials/FBXLegacyPhongSurfaceMaterial.uasset" 1118
"../../../Engine/Plugins/Interchange/Assets/Content/Materials/FBXLegacyPhongSurfaceMaterial.uexp" 1119
"C:/Users/emanu/Documents/GitHub/FairyTaleGameJamTeam2/FairyTaleTeam2/Content/a_Fairytale/Art/Materials/lambert23.uasset" 1120
"C:/Users/emanu/Documents/GitHub/FairyTaleGameJamTeam2/FairyTaleTeam2/Content/a_Fairytale/Art/Materials/lambert23.uexp" 1121
"C:/Users/emanu/Documents/GitHub/FairyTaleGameJamTeam2/FairyTaleTeam2/Content/a_Fairytale/Art/Meshes/SM_Pawn.ubulk" 1122
"C:/Users/emanu/Documents/GitHub/FairyTaleGameJamTeam2/FairyTaleTeam2/Content/a_Fairytale/Art/Meshes/SM_Pawn.uasset" 1123
"C:/Users/emanu/Documents/GitHub/FairyTaleGameJamTeam2/FairyTaleTeam2/Content/a_Fairytale/Art/Meshes/SM_Pawn.uexp" 1124
"C:/Users/emanu/Documents/GitHub/FairyTaleGameJamTeam2/FairyTaleTeam2/Content/a_Fairytale/Blueprints/BP_HeldItem.uasset" 1125
"C:/Users/emanu/Documents/GitHub/FairyTaleGameJamTeam2/FairyTaleTeam2/Content/a_Fairytale/Blueprints/BP_HeldItem.uexp" 1126
"C:/Users/emanu/Documents/GitHub/FairyTaleGameJamTeam2/FairyTaleTeam2/Content/a_Fairytale/Headbob/BP_Idle_CamShake.uasset" 1127
"C:/Users/emanu/Documents/GitHub/FairyTaleGameJamTeam2/FairyTaleTeam2/Content/a_Fairytale/Headbob/BP_Idle_CamShake.uexp" 1128
"C:/Users/emanu/Documents/GitHub/FairyTaleGameJamTeam2/FairyTaleTeam2/Content/a_Fairytale/Headbob/BP_Run_CamShake.uasset" 1129
"C:/Users/emanu/Documents/GitHub/FairyTaleGameJamTeam2/FairyTaleTeam2/Content/a_Fairytale/Headbob/BP_Run_CamShake.uexp" 1130
"C:/Users/emanu/Documents/GitHub/FairyTaleGameJamTeam2/FairyTaleTeam2/Content/a_Fairytale/Headbob/BP_Walk_CamShake.uasset" 1131
"C:/Users/emanu/Documents/GitHub/FairyTaleGameJamTeam2/FairyTaleTeam2/Content/a_Fairytale/Headbob/BP_Walk_CamShake.uexp" 1132
"C:/Users/emanu/Documents/GitHub/FairyTaleGameJamTeam2/FairyTaleTeam2/Content/a_Fairytale/UI/LITTLENIGHTMARE.uexp" 1133
"C:/Users/emanu/Documents/GitHub/FairyTaleGameJamTeam2/FairyTaleTeam2/Content/a_Fairytale/UI/LITTLENIGHTMARE.uasset" 1134
"C:/Users/emanu/Documents/GitHub/FairyTaleGameJamTeam2/FairyTaleTeam2/Content/a_Fairytale/UI/LITTLENIGHTMARE.ufont" 1135
"C:/Users/emanu/Documents/GitHub/FairyTaleGameJamTeam2/FairyTaleTeam2/Content/a_Fairytale/UI/mainfont.uasset" 1136
"C:/Users/emanu/Documents/GitHub/FairyTaleGameJamTeam2/FairyTaleTeam2/Content/a_Fairytale/UI/mainfont.uexp" 1137
"C:/Users/emanu/Documents/GitHub/FairyTaleGameJamTeam2/FairyTaleTeam2/Content/a_Fairytale/UI/WBP_PauseMenu.uasset" 1138
"C:/Users/emanu/Documents/GitHub/FairyTaleGameJamTeam2/FairyTaleTeam2/Content/a_Fairytale/UI/WBP_PauseMenu.uexp" 1139
"C:/Users/emanu/Documents/GitHub/FairyTaleGameJamTeam2/FairyTaleTeam2/Content/a_Fairytale/UI/WBP_Stamina.uasset" 1140
"C:/Users/emanu/Documents/GitHub/FairyTaleGameJamTeam2/FairyTaleTeam2/Content/a_Fairytale/UI/WBP_Stamina.uexp" 1141
"C:/Users/emanu/Documents/GitHub/FairyTaleGameJamTeam2/FairyTaleTeam2/Content/Input/Touch/BPI_TouchInterface.uasset" 1142
"C:/Users/emanu/Documents/GitHub/FairyTaleGameJamTeam2/FairyTaleTeam2/Content/Input/Touch/BPI_TouchInterface.uexp" 1143
"../../../Engine/Content/MobileResources/HUD/VirtualJoystick_Thumb.uasset" 1144
"../../../Engine/Content/MobileResources/HUD/VirtualJoystick_Thumb.uexp" 1145
"../../../Engine/Content/MobileResources/HUD/VirtualJoystick_Background.uasset" 1146
"../../../Engine/Content/MobileResources/HUD/VirtualJoystick_Background.uexp" 1147
"C:/Users/emanu/Documents/GitHub/FairyTaleGameJamTeam2/FairyTaleTeam2/Content/Input/Touch/UI_Thumbstick.uasset" 1148
"C:/Users/emanu/Documents/GitHub/FairyTaleGameJamTeam2/FairyTaleTeam2/Content/Input/Touch/UI_Thumbstick.uexp" 1149
"C:/Users/emanu/Documents/GitHub/FairyTaleGameJamTeam2/FairyTaleTeam2/Content/Input/Touch/UI_TouchSimple.uasset" 1150
"C:/Users/emanu/Documents/GitHub/FairyTaleGameJamTeam2/FairyTaleTeam2/Content/Input/Touch/UI_TouchSimple.uexp" 1151
"C:/Users/emanu/Documents/GitHub/FairyTaleGameJamTeam2/FairyTaleTeam2/Content/a_Fairytale/Art/Textures/star.uasset" 1152
"C:/Users/emanu/Documents/GitHub/FairyTaleGameJamTeam2/FairyTaleTeam2/Content/a_Fairytale/Art/Textures/star.uexp" 1153
"C:/Users/emanu/Documents/GitHub/FairyTaleGameJamTeam2/FairyTaleTeam2/Content/a_Fairytale/Art/Textures/T_Flashlight1.uasset" 1154
"C:/Users/emanu/Documents/GitHub/FairyTaleGameJamTeam2/FairyTaleTeam2/Content/a_Fairytale/Art/Textures/T_Flashlight1.uexp" 1155
"C:/Users/emanu/Documents/GitHub/FairyTaleGameJamTeam2/FairyTaleTeam2/Content/a_Fairytale/Art/Textures/T_Flashlight2.ubulk" 1156
"C:/Users/emanu/Documents/GitHub/FairyTaleGameJamTeam2/FairyTaleTeam2/Content/a_Fairytale/Art/Textures/T_Flashlight2.uasset" 1157
"C:/Users/emanu/Documents/GitHub/FairyTaleGameJamTeam2/FairyTaleTeam2/Content/a_Fairytale/Art/Textures/T_Flashlight2.uexp" 1158
"C:/Users/emanu/Documents/GitHub/FairyTaleGameJamTeam2/FairyTaleTeam2/Content/a_Fairytale/Art/Textures/T_Flashlight3.ubulk" 1159
"C:/Users/emanu/Documents/GitHub/FairyTaleGameJamTeam2/FairyTaleTeam2/Content/a_Fairytale/Art/Textures/T_Flashlight3.uasset" 1160
"C:/Users/emanu/Documents/GitHub/FairyTaleGameJamTeam2/FairyTaleTeam2/Content/a_Fairytale/Art/Textures/T_Flashlight3.uexp" 1161
"C:/Users/emanu/Documents/GitHub/FairyTaleGameJamTeam2/FairyTaleTeam2/Content/a_Fairytale/Art/Materials/M_PlayerLight.uasset" 1162
"C:/Users/emanu/Documents/GitHub/FairyTaleGameJamTeam2/FairyTaleTeam2/Content/a_Fairytale/Art/Materials/M_PlayerLight.uexp" 1163
"C:/Users/emanu/Documents/GitHub/FairyTaleGameJamTeam2/FairyTaleTeam2/Content/Characters/Mannequins/Meshes/SK_Mannequin.uasset" 1164
"C:/Users/emanu/Documents/GitHub/FairyTaleGameJamTeam2/FairyTaleTeam2/Content/Characters/Mannequins/Meshes/SK_Mannequin.uexp" 1165
"C:/Users/emanu/Documents/GitHub/FairyTaleGameJamTeam2/FairyTaleTeam2/Content/Characters/Mannequins/Rigs/PA_Mannequin.uasset" 1166
"C:/Users/emanu/Documents/GitHub/FairyTaleGameJamTeam2/FairyTaleTeam2/Content/Characters/Mannequins/Rigs/PA_Mannequin.uexp" 1167
"C:/Users/emanu/Documents/GitHub/FairyTaleGameJamTeam2/FairyTaleTeam2/Content/Characters/Mannequins/Textures/Manny/T_Manny_01_BN.ubulk" 1168
"C:/Users/emanu/Documents/GitHub/FairyTaleGameJamTeam2/FairyTaleTeam2/Content/Characters/Mannequins/Textures/Manny/T_Manny_01_BN.uasset" 1169
"C:/Users/emanu/Documents/GitHub/FairyTaleGameJamTeam2/FairyTaleTeam2/Content/Characters/Mannequins/Textures/Manny/T_Manny_01_BN.uexp" 1170
"C:/Users/emanu/Documents/GitHub/FairyTaleGameJamTeam2/FairyTaleTeam2/Content/Characters/Mannequins/Textures/Manny/T_Manny_01_D.ubulk" 1171
"C:/Users/emanu/Documents/GitHub/FairyTaleGameJamTeam2/FairyTaleTeam2/Content/Characters/Mannequins/Textures/Manny/T_Manny_01_D.uasset" 1172
"C:/Users/emanu/Documents/GitHub/FairyTaleGameJamTeam2/FairyTaleTeam2/Content/Characters/Mannequins/Textures/Manny/T_Manny_01_D.uexp" 1173
"C:/Users/emanu/Documents/GitHub/FairyTaleGameJamTeam2/FairyTaleTeam2/Content/Characters/Mannequins/Textures/Manny/T_Manny_01_MRA.ubulk" 1174
"C:/Users/emanu/Documents/GitHub/FairyTaleGameJamTeam2/FairyTaleTeam2/Content/Characters/Mannequins/Textures/Manny/T_Manny_01_MRA.uasset" 1175
"C:/Users/emanu/Documents/GitHub/FairyTaleGameJamTeam2/FairyTaleTeam2/Content/Characters/Mannequins/Textures/Manny/T_Manny_01_MRA.uexp" 1176
"C:/Users/emanu/Documents/GitHub/FairyTaleGameJamTeam2/FairyTaleTeam2/Content/Characters/Mannequins/Textures/Shared/T_UE_Logo_M.uasset" 1177
"C:/Users/emanu/Documents/GitHub/FairyTaleGameJamTeam2/FairyTaleTeam2/Content/Characters/Mannequins/Textures/Shared/T_UE_Logo_M.uexp" 1178
"C:/Users/emanu/Documents/GitHub/FairyTaleGameJamTeam2/FairyTaleTeam2/Content/Characters/Mannequins/Materials/M_Mannequin.uasset" 1179
"C:/Users/emanu/Documents/GitHub/FairyTaleGameJamTeam2/FairyTaleTeam2/Content/Characters/Mannequins/Materials/M_Mannequin.uexp" 1180
"C:/Users/emanu/Documents/GitHub/FairyTaleGameJamTeam2/FairyTaleTeam2/Content/Characters/Mannequins/Materials/Manny/MI_Manny_01_New.uasset" 1181
"C:/Users/emanu/Documents/GitHub/FairyTaleGameJamTeam2/FairyTaleTeam2/Content/Characters/Mannequins/Materials/Manny/MI_Manny_01_New.uexp" 1182
"C:/Users/emanu/Documents/GitHub/FairyTaleGameJamTeam2/FairyTaleTeam2/Content/Characters/Mannequins/Textures/Manny/T_Manny_02_BN.ubulk" 1183
"C:/Users/emanu/Documents/GitHub/FairyTaleGameJamTeam2/FairyTaleTeam2/Content/Characters/Mannequins/Textures/Manny/T_Manny_02_BN.uasset" 1184
"C:/Users/emanu/Documents/GitHub/FairyTaleGameJamTeam2/FairyTaleTeam2/Content/Characters/Mannequins/Textures/Manny/T_Manny_02_BN.uexp" 1185
"C:/Users/emanu/Documents/GitHub/FairyTaleGameJamTeam2/FairyTaleTeam2/Content/Characters/Mannequins/Textures/Manny/T_Manny_02_D.ubulk" 1186
"C:/Users/emanu/Documents/GitHub/FairyTaleGameJamTeam2/FairyTaleTeam2/Content/Characters/Mannequins/Textures/Manny/T_Manny_02_D.uasset" 1187
"C:/Users/emanu/Documents/GitHub/FairyTaleGameJamTeam2/FairyTaleTeam2/Content/Characters/Mannequins/Textures/Manny/T_Manny_02_D.uexp" 1188
"C:/Users/emanu/Documents/GitHub/FairyTaleGameJamTeam2/FairyTaleTeam2/Content/Characters/Mannequins/Textures/Manny/T_Manny_02_MRA.ubulk" 1189
"C:/Users/emanu/Documents/GitHub/FairyTaleGameJamTeam2/FairyTaleTeam2/Content/Characters/Mannequins/Textures/Manny/T_Manny_02_MRA.uasset" 1190
"C:/Users/emanu/Documents/GitHub/FairyTaleGameJamTeam2/FairyTaleTeam2/Content/Characters/Mannequins/Textures/Manny/T_Manny_02_MRA.uexp" 1191
"C:/Users/emanu/Documents/GitHub/FairyTaleGameJamTeam2/FairyTaleTeam2/Content/Characters/Mannequins/Materials/Manny/MI_Manny_02_New.uasset" 1192
"C:/Users/emanu/Documents/GitHub/FairyTaleGameJamTeam2/FairyTaleTeam2/Content/Characters/Mannequins/Materials/Manny/MI_Manny_02_New.uexp" 1193
"C:/Users/emanu/Documents/GitHub/FairyTaleGameJamTeam2/FairyTaleTeam2/Content/Characters/Mannequins/Meshes/SKM_Manny_Simple.uasset" 1194
"C:/Users/emanu/Documents/GitHub/FairyTaleGameJamTeam2/FairyTaleTeam2/Content/Characters/Mannequins/Meshes/SKM_Manny_Simple.uexp" 1195
"../../../Engine/Plugins/Animation/ControlRig/Content/Controls/DefaultGizmoLibraryNormalized.uasset" 1196
"../../../Engine/Plugins/Animation/ControlRig/Content/Controls/DefaultGizmoLibraryNormalized.uexp" 1197
"C:/Users/emanu/Documents/GitHub/FairyTaleGameJamTeam2/FairyTaleTeam2/Content/Characters/Mannequins/Rigs/CR_Mannequin_FootIK.uasset" 1198
"C:/Users/emanu/Documents/GitHub/FairyTaleGameJamTeam2/FairyTaleTeam2/Content/Characters/Mannequins/Rigs/CR_Mannequin_FootIK.uexp" 1199
"../../../Engine/Content/Animation/DefaultAnimBoneCompressionSettings.uasset" 1200
"../../../Engine/Content/Animation/DefaultAnimBoneCompressionSettings.uexp" 1201
"../../../Engine/Content/Animation/DefaultAnimCurveCompressionSettings.uasset" 1202
"../../../Engine/Content/Animation/DefaultAnimCurveCompressionSettings.uexp" 1203
"../../../Engine/Content/Animation/DefaultVariableFrameStrippingSettings.uasset" 1204
"../../../Engine/Content/Animation/DefaultVariableFrameStrippingSettings.uexp" 1205
"C:/Users/emanu/Documents/GitHub/FairyTaleGameJamTeam2/FairyTaleTeam2/Content/Characters/Mannequins/Anims/Unarmed/MM_Idle.uasset" 1206
"C:/Users/emanu/Documents/GitHub/FairyTaleGameJamTeam2/FairyTaleTeam2/Content/Characters/Mannequins/Anims/Unarmed/MM_Idle.uexp" 1207
"C:/Users/emanu/Documents/GitHub/FairyTaleGameJamTeam2/FairyTaleTeam2/Content/Characters/Mannequins/Anims/Unarmed/Jog/MF_Unarmed_Jog_Bwd.uasset" 1208
"C:/Users/emanu/Documents/GitHub/FairyTaleGameJamTeam2/FairyTaleTeam2/Content/Characters/Mannequins/Anims/Unarmed/Jog/MF_Unarmed_Jog_Bwd.uexp" 1209
"../../../Engine/Plugins/Animation/ACLPlugin/Content/ACLAnimCurveCompressionSettings.uasset" 1210
"../../../Engine/Plugins/Animation/ACLPlugin/Content/ACLAnimCurveCompressionSettings.uexp" 1211
"../../../Engine/Content/Animation/DefaultRecorderBoneCompression.uasset" 1212
"../../../Engine/Content/Animation/DefaultRecorderBoneCompression.uexp" 1213
"C:/Users/emanu/Documents/GitHub/FairyTaleGameJamTeam2/FairyTaleTeam2/Content/Characters/Mannequins/Anims/Unarmed/Jog/MF_Unarmed_Jog_Bwd_Left.uasset" 1214
"C:/Users/emanu/Documents/GitHub/FairyTaleGameJamTeam2/FairyTaleTeam2/Content/Characters/Mannequins/Anims/Unarmed/Jog/MF_Unarmed_Jog_Bwd_Left.uexp" 1215
"C:/Users/emanu/Documents/GitHub/FairyTaleGameJamTeam2/FairyTaleTeam2/Content/Characters/Mannequins/Anims/Unarmed/Jog/MF_Unarmed_Jog_Bwd_Right.uasset" 1216
"C:/Users/emanu/Documents/GitHub/FairyTaleGameJamTeam2/FairyTaleTeam2/Content/Characters/Mannequins/Anims/Unarmed/Jog/MF_Unarmed_Jog_Bwd_Right.uexp" 1217
"C:/Users/emanu/Documents/GitHub/FairyTaleGameJamTeam2/FairyTaleTeam2/Content/Characters/Mannequins/Anims/Unarmed/Jog/MF_Unarmed_Jog_Fwd.uasset" 1218
"C:/Users/emanu/Documents/GitHub/FairyTaleGameJamTeam2/FairyTaleTeam2/Content/Characters/Mannequins/Anims/Unarmed/Jog/MF_Unarmed_Jog_Fwd.uexp" 1219
"C:/Users/emanu/Documents/GitHub/FairyTaleGameJamTeam2/FairyTaleTeam2/Content/Characters/Mannequins/Anims/Unarmed/Jog/MF_Unarmed_Jog_Fwd_Left.uasset" 1220
"C:/Users/emanu/Documents/GitHub/FairyTaleGameJamTeam2/FairyTaleTeam2/Content/Characters/Mannequins/Anims/Unarmed/Jog/MF_Unarmed_Jog_Fwd_Left.uexp" 1221
"C:/Users/emanu/Documents/GitHub/FairyTaleGameJamTeam2/FairyTaleTeam2/Content/Characters/Mannequins/Anims/Unarmed/Jog/MF_Unarmed_Jog_Fwd_Right.uasset" 1222
"C:/Users/emanu/Documents/GitHub/FairyTaleGameJamTeam2/FairyTaleTeam2/Content/Characters/Mannequins/Anims/Unarmed/Jog/MF_Unarmed_Jog_Fwd_Right.uexp" 1223
"C:/Users/emanu/Documents/GitHub/FairyTaleGameJamTeam2/FairyTaleTeam2/Content/Characters/Mannequins/Anims/Unarmed/Jog/MF_Unarmed_Jog_Left.uasset" 1224
"C:/Users/emanu/Documents/GitHub/FairyTaleGameJamTeam2/FairyTaleTeam2/Content/Characters/Mannequins/Anims/Unarmed/Jog/MF_Unarmed_Jog_Left.uexp" 1225
"C:/Users/emanu/Documents/GitHub/FairyTaleGameJamTeam2/FairyTaleTeam2/Content/Characters/Mannequins/Anims/Unarmed/Jog/MF_Unarmed_Jog_Right.uasset" 1226
"C:/Users/emanu/Documents/GitHub/FairyTaleGameJamTeam2/FairyTaleTeam2/Content/Characters/Mannequins/Anims/Unarmed/Jog/MF_Unarmed_Jog_Right.uexp" 1227
"C:/Users/emanu/Documents/GitHub/FairyTaleGameJamTeam2/FairyTaleTeam2/Content/Characters/Mannequins/Anims/Unarmed/Walk/MF_Unarmed_Walk_Bwd.uasset" 1228
"C:/Users/emanu/Documents/GitHub/FairyTaleGameJamTeam2/FairyTaleTeam2/Content/Characters/Mannequins/Anims/Unarmed/Walk/MF_Unarmed_Walk_Bwd.uexp" 1229
"C:/Users/emanu/Documents/GitHub/FairyTaleGameJamTeam2/FairyTaleTeam2/Content/Characters/Mannequins/Anims/Unarmed/Walk/MF_Unarmed_Walk_Bwd_Left.uasset" 1230
"C:/Users/emanu/Documents/GitHub/FairyTaleGameJamTeam2/FairyTaleTeam2/Content/Characters/Mannequins/Anims/Unarmed/Walk/MF_Unarmed_Walk_Bwd_Left.uexp" 1231
"C:/Users/emanu/Documents/GitHub/FairyTaleGameJamTeam2/FairyTaleTeam2/Content/Characters/Mannequins/Anims/Unarmed/Walk/MF_Unarmed_Walk_Bwd_Right.uasset" 1232
"C:/Users/emanu/Documents/GitHub/FairyTaleGameJamTeam2/FairyTaleTeam2/Content/Characters/Mannequins/Anims/Unarmed/Walk/MF_Unarmed_Walk_Bwd_Right.uexp" 1233
"C:/Users/emanu/Documents/GitHub/FairyTaleGameJamTeam2/FairyTaleTeam2/Content/Characters/Mannequins/Anims/Unarmed/Walk/MF_Unarmed_Walk_Fwd.uasset" 1234
"C:/Users/emanu/Documents/GitHub/FairyTaleGameJamTeam2/FairyTaleTeam2/Content/Characters/Mannequins/Anims/Unarmed/Walk/MF_Unarmed_Walk_Fwd.uexp" 1235
"C:/Users/emanu/Documents/GitHub/FairyTaleGameJamTeam2/FairyTaleTeam2/Content/Characters/Mannequins/Anims/Unarmed/Walk/MF_Unarmed_Walk_Fwd_Left.uasset" 1236
"C:/Users/emanu/Documents/GitHub/FairyTaleGameJamTeam2/FairyTaleTeam2/Content/Characters/Mannequins/Anims/Unarmed/Walk/MF_Unarmed_Walk_Fwd_Left.uexp" 1237
"C:/Users/emanu/Documents/GitHub/FairyTaleGameJamTeam2/FairyTaleTeam2/Content/Characters/Mannequins/Anims/Unarmed/Walk/MF_Unarmed_Walk_Fwd_Right.uasset" 1238
"C:/Users/emanu/Documents/GitHub/FairyTaleGameJamTeam2/FairyTaleTeam2/Content/Characters/Mannequins/Anims/Unarmed/Walk/MF_Unarmed_Walk_Fwd_Right.uexp" 1239
"C:/Users/emanu/Documents/GitHub/FairyTaleGameJamTeam2/FairyTaleTeam2/Content/Characters/Mannequins/Anims/Unarmed/Walk/MF_Unarmed_Walk_Left.uasset" 1240
"C:/Users/emanu/Documents/GitHub/FairyTaleGameJamTeam2/FairyTaleTeam2/Content/Characters/Mannequins/Anims/Unarmed/Walk/MF_Unarmed_Walk_Left.uexp" 1241
"C:/Users/emanu/Documents/GitHub/FairyTaleGameJamTeam2/FairyTaleTeam2/Content/Characters/Mannequins/Anims/Unarmed/Walk/MF_Unarmed_Walk_Right.uasset" 1242
"C:/Users/emanu/Documents/GitHub/FairyTaleGameJamTeam2/FairyTaleTeam2/Content/Characters/Mannequins/Anims/Unarmed/Walk/MF_Unarmed_Walk_Right.uexp" 1243
"C:/Users/emanu/Documents/GitHub/FairyTaleGameJamTeam2/FairyTaleTeam2/Content/Characters/Mannequins/Anims/Unarmed/BS_Idle_Walk_Run.uasset" 1244
"C:/Users/emanu/Documents/GitHub/FairyTaleGameJamTeam2/FairyTaleTeam2/Content/Characters/Mannequins/Anims/Unarmed/BS_Idle_Walk_Run.uexp" 1245
"C:/Users/emanu/Documents/GitHub/FairyTaleGameJamTeam2/FairyTaleTeam2/Content/Characters/Mannequins/Anims/Unarmed/Jump/MM_Fall_Loop.uasset" 1246
"C:/Users/emanu/Documents/GitHub/FairyTaleGameJamTeam2/FairyTaleTeam2/Content/Characters/Mannequins/Anims/Unarmed/Jump/MM_Fall_Loop.uexp" 1247
"C:/Users/emanu/Documents/GitHub/FairyTaleGameJamTeam2/FairyTaleTeam2/Content/Characters/Mannequins/Anims/Unarmed/Jump/MM_Jump.uasset" 1248
"C:/Users/emanu/Documents/GitHub/FairyTaleGameJamTeam2/FairyTaleTeam2/Content/Characters/Mannequins/Anims/Unarmed/Jump/MM_Jump.uexp" 1249
"C:/Users/emanu/Documents/GitHub/FairyTaleGameJamTeam2/FairyTaleTeam2/Content/Characters/Mannequins/Anims/Unarmed/Jump/MM_Land.uasset" 1250
"C:/Users/emanu/Documents/GitHub/FairyTaleGameJamTeam2/FairyTaleTeam2/Content/Characters/Mannequins/Anims/Unarmed/Jump/MM_Land.uexp" 1251
"C:/Users/emanu/Documents/GitHub/FairyTaleGameJamTeam2/FairyTaleTeam2/Content/Characters/Mannequins/Anims/Unarmed/ABP_Unarmed.uasset" 1252
"C:/Users/emanu/Documents/GitHub/FairyTaleGameJamTeam2/FairyTaleTeam2/Content/Characters/Mannequins/Anims/Unarmed/ABP_Unarmed.uexp" 1253
"C:/Users/emanu/Documents/GitHub/FairyTaleGameJamTeam2/FairyTaleTeam2/Content/a_Fairytale/Blueprints/BP_FirstPersonCharacter.uasset" 1254
"C:/Users/emanu/Documents/GitHub/FairyTaleGameJamTeam2/FairyTaleTeam2/Content/a_Fairytale/Blueprints/BP_FirstPersonCharacter.uexp" 1255
"C:/Users/emanu/Documents/GitHub/FairyTaleGameJamTeam2/FairyTaleTeam2/Content/a_Fairytale/Audio/SW_Paper.ubulk" 1256
"C:/Users/emanu/Documents/GitHub/FairyTaleGameJamTeam2/FairyTaleTeam2/Content/a_Fairytale/Audio/SW_Paper.uasset" 1257
"C:/Users/emanu/Documents/GitHub/FairyTaleGameJamTeam2/FairyTaleTeam2/Content/a_Fairytale/Audio/SW_Paper.uexp" 1258
"C:/Users/emanu/Documents/GitHub/FairyTaleGameJamTeam2/FairyTaleTeam2/Content/a_Fairytale/UI/WBP_PagesCollected.uasset" 1259
"C:/Users/emanu/Documents/GitHub/FairyTaleGameJamTeam2/FairyTaleTeam2/Content/a_Fairytale/UI/WBP_PagesCollected.uexp" 1260
"C:/Users/emanu/Documents/GitHub/FairyTaleGameJamTeam2/FairyTaleTeam2/Content/a_Fairytale/Art/Textures/paper_BaseColor.ubulk" 1261
"C:/Users/emanu/Documents/GitHub/FairyTaleGameJamTeam2/FairyTaleTeam2/Content/a_Fairytale/Art/Textures/paper_BaseColor.uasset" 1262
"C:/Users/emanu/Documents/GitHub/FairyTaleGameJamTeam2/FairyTaleTeam2/Content/a_Fairytale/Art/Textures/paper_BaseColor.uexp" 1263
"C:/Users/emanu/Documents/GitHub/FairyTaleGameJamTeam2/FairyTaleTeam2/Content/a_Fairytale/Art/Textures/paper_Normal.ubulk" 1264
"C:/Users/emanu/Documents/GitHub/FairyTaleGameJamTeam2/FairyTaleTeam2/Content/a_Fairytale/Art/Textures/paper_Normal.uasset" 1265
"C:/Users/emanu/Documents/GitHub/FairyTaleGameJamTeam2/FairyTaleTeam2/Content/a_Fairytale/Art/Textures/paper_Normal.uexp" 1266
"C:/Users/emanu/Documents/GitHub/FairyTaleGameJamTeam2/FairyTaleTeam2/Content/a_Fairytale/Art/Textures/paper_ORM.ubulk" 1267
"C:/Users/emanu/Documents/GitHub/FairyTaleGameJamTeam2/FairyTaleTeam2/Content/a_Fairytale/Art/Textures/paper_ORM.uasset" 1268
"C:/Users/emanu/Documents/GitHub/FairyTaleGameJamTeam2/FairyTaleTeam2/Content/a_Fairytale/Art/Textures/paper_ORM.uexp" 1269
"C:/Users/emanu/Documents/GitHub/FairyTaleGameJamTeam2/FairyTaleTeam2/Content/a_Fairytale/Art/Materials/m_paper.uasset" 1270
"C:/Users/emanu/Documents/GitHub/FairyTaleGameJamTeam2/FairyTaleTeam2/Content/a_Fairytale/Art/Materials/m_paper.uexp" 1271
"C:/Users/emanu/Documents/GitHub/FairyTaleGameJamTeam2/FairyTaleTeam2/Content/a_Fairytale/Art/Materials/mi_paper.uasset" 1272
"C:/Users/emanu/Documents/GitHub/FairyTaleGameJamTeam2/FairyTaleTeam2/Content/a_Fairytale/Art/Materials/mi_paper.uexp" 1273
"C:/Users/emanu/Documents/GitHub/FairyTaleGameJamTeam2/FairyTaleTeam2/Content/a_Fairytale/Art/Meshes/paper.ubulk" 1274
"C:/Users/emanu/Documents/GitHub/FairyTaleGameJamTeam2/FairyTaleTeam2/Content/a_Fairytale/Art/Meshes/paper.uasset" 1275
"C:/Users/emanu/Documents/GitHub/FairyTaleGameJamTeam2/FairyTaleTeam2/Content/a_Fairytale/Art/Meshes/paper.uexp" 1276
"C:/Users/emanu/Documents/GitHub/FairyTaleGameJamTeam2/FairyTaleTeam2/Content/a_Fairytale/Blueprints/BP_Pages.uasset" 1277
"C:/Users/emanu/Documents/GitHub/FairyTaleGameJamTeam2/FairyTaleTeam2/Content/a_Fairytale/Blueprints/BP_Pages.uexp" 1278
"C:/Users/emanu/Documents/GitHub/FairyTaleGameJamTeam2/FairyTaleTeam2/Content/Input/Actions/IA_Sprint.uasset" 1279
"C:/Users/emanu/Documents/GitHub/FairyTaleGameJamTeam2/FairyTaleTeam2/Content/Input/Actions/IA_Sprint.uexp" 1280
"C:/Users/emanu/Documents/GitHub/FairyTaleGameJamTeam2/FairyTaleTeam2/Content/Input/IMC_Default.uasset" 1281
"C:/Users/emanu/Documents/GitHub/FairyTaleGameJamTeam2/FairyTaleTeam2/Content/Input/IMC_Default.uexp" 1282
"C:/Users/emanu/Documents/GitHub/FairyTaleGameJamTeam2/FairyTaleTeam2/Content/Input/IMC_MouseLook.uasset" 1283
"C:/Users/emanu/Documents/GitHub/FairyTaleGameJamTeam2/FairyTaleTeam2/Content/Input/IMC_MouseLook.uexp" 1284
"C:/Users/emanu/Documents/GitHub/FairyTaleGameJamTeam2/FairyTaleTeam2/Content/FirstPerson/Blueprints/BP_FirstPersonCameraManager.uasset" 1285
"C:/Users/emanu/Documents/GitHub/FairyTaleGameJamTeam2/FairyTaleTeam2/Content/FirstPerson/Blueprints/BP_FirstPersonCameraManager.uexp" 1286
"C:/Users/emanu/Documents/GitHub/FairyTaleGameJamTeam2/FairyTaleTeam2/Content/FirstPerson/Blueprints/BP_FirstPersonPlayerController.uasset" 1287
"C:/Users/emanu/Documents/GitHub/FairyTaleGameJamTeam2/FairyTaleTeam2/Content/FirstPerson/Blueprints/BP_FirstPersonPlayerController.uexp" 1288
"C:/Users/emanu/Documents/GitHub/FairyTaleGameJamTeam2/FairyTaleTeam2/Content/FirstPerson/Blueprints/BP_FirstPersonGameMode.uasset" 1289
"C:/Users/emanu/Documents/GitHub/FairyTaleGameJamTeam2/FairyTaleTeam2/Content/FirstPerson/Blueprints/BP_FirstPersonGameMode.uexp" 1290
"C:/Users/emanu/Documents/GitHub/FairyTaleGameJamTeam2/FairyTaleTeam2/Content/a_Fairytale/UI/WBP_WinCondition.uasset" 1291
"C:/Users/emanu/Documents/GitHub/FairyTaleGameJamTeam2/FairyTaleTeam2/Content/a_Fairytale/UI/WBP_WinCondition.uexp" 1292
"C:/Users/emanu/Documents/GitHub/FairyTaleGameJamTeam2/FairyTaleTeam2/Content/a_Fairytale/Blueprints/BP_Location.uasset" 1293
"C:/Users/emanu/Documents/GitHub/FairyTaleGameJamTeam2/FairyTaleTeam2/Content/a_Fairytale/Blueprints/BP_Location.uexp" 1294
"../../../Engine/Content/Functions/Engine_MaterialFunctions01/Density/ExponentialDensity.uasset" 1295
"../../../Engine/Content/Functions/Engine_MaterialFunctions01/Density/ExponentialDensity.uexp" 1296
"../../../Engine/Content/Functions/Engine_MaterialFunctions01/Gradient/RadialGradientExponential.uasset" 1297
"../../../Engine/Content/Functions/Engine_MaterialFunctions01/Gradient/RadialGradientExponential.uexp" 1298
"C:/Users/emanu/Documents/GitHub/FairyTaleGameJamTeam2/FairyTaleTeam2/Content/a_Fairytale/Bodycam/M_BodycamEffect_PP.uasset" 1299
"C:/Users/emanu/Documents/GitHub/FairyTaleGameJamTeam2/FairyTaleTeam2/Content/a_Fairytale/Bodycam/M_BodycamEffect_PP.uexp" 1300
"C:/Users/emanu/Documents/GitHub/FairyTaleGameJamTeam2/FairyTaleTeam2/Content/a_Fairytale/Bodycam/MI_BodycamEffect_PP.uasset" 1301
"C:/Users/emanu/Documents/GitHub/FairyTaleGameJamTeam2/FairyTaleTeam2/Content/a_Fairytale/Bodycam/MI_BodycamEffect_PP.uexp" 1302
"C:/Users/emanu/Documents/GitHub/FairyTaleGameJamTeam2/FairyTaleTeam2/Content/a_Fairytale/Bodycam/M_Sharpen.uasset" 1303
"C:/Users/emanu/Documents/GitHub/FairyTaleGameJamTeam2/FairyTaleTeam2/Content/a_Fairytale/Bodycam/M_Sharpen.uexp" 1304
"C:/Users/emanu/Documents/GitHub/FairyTaleGameJamTeam2/FairyTaleTeam2/Content/a_Fairytale/Bodycam/MI_Sharpen.uasset" 1305
"C:/Users/emanu/Documents/GitHub/FairyTaleGameJamTeam2/FairyTaleTeam2/Content/a_Fairytale/Bodycam/MI_Sharpen.uexp" 1306
"C:/Users/emanu/Documents/GitHub/FairyTaleGameJamTeam2/FairyTaleTeam2/Content/a_Fairytale/Bodycam/T_DirtyLens2.uasset" 1307
"C:/Users/emanu/Documents/GitHub/FairyTaleGameJamTeam2/FairyTaleTeam2/Content/a_Fairytale/Bodycam/T_DirtyLens2.uexp" 1308
"../../../Engine/Plugins/FX/Niagara/Content/VectorFields/Assets/TilingCurl32.uasset" 1309
"../../../Engine/Plugins/FX/Niagara/Content/VectorFields/Assets/TilingCurl32.uexp" 1310
"C:/Users/emanu/Documents/GitHub/FairyTaleGameJamTeam2/FairyTaleTeam2/Content/VFX/Textures/T_Fire_SubUV.ubulk" 1311
"C:/Users/emanu/Documents/GitHub/FairyTaleGameJamTeam2/FairyTaleTeam2/Content/VFX/Textures/T_Fire_SubUV.uasset" 1312
"C:/Users/emanu/Documents/GitHub/FairyTaleGameJamTeam2/FairyTaleTeam2/Content/VFX/Textures/T_Fire_SubUV.uexp" 1313
"C:/Users/emanu/Documents/GitHub/FairyTaleGameJamTeam2/FairyTaleTeam2/Content/VFX/Textures/T_Fire_Tiled_D.ubulk" 1314
"C:/Users/emanu/Documents/GitHub/FairyTaleGameJamTeam2/FairyTaleTeam2/Content/VFX/Textures/T_Fire_Tiled_D.uasset" 1315
"C:/Users/emanu/Documents/GitHub/FairyTaleGameJamTeam2/FairyTaleTeam2/Content/VFX/Textures/T_Fire_Tiled_D.uexp" 1316
"C:/Users/emanu/Documents/GitHub/FairyTaleGameJamTeam2/FairyTaleTeam2/Content/VFX/Material/M_Fire_SubUV.uasset" 1317
"C:/Users/emanu/Documents/GitHub/FairyTaleGameJamTeam2/FairyTaleTeam2/Content/VFX/Material/M_Fire_SubUV.uexp" 1318
"C:/Users/emanu/Documents/GitHub/FairyTaleGameJamTeam2/FairyTaleTeam2/Content/VFX/Textures/T_Smoke_SubUV.ubulk" 1319
"C:/Users/emanu/Documents/GitHub/FairyTaleGameJamTeam2/FairyTaleTeam2/Content/VFX/Textures/T_Smoke_SubUV.uasset" 1320
"C:/Users/emanu/Documents/GitHub/FairyTaleGameJamTeam2/FairyTaleTeam2/Content/VFX/Textures/T_Smoke_SubUV.uexp" 1321
"C:/Users/emanu/Documents/GitHub/FairyTaleGameJamTeam2/FairyTaleTeam2/Content/VFX/Textures/T_Smoke_Tiled_D.ubulk" 1322
"C:/Users/emanu/Documents/GitHub/FairyTaleGameJamTeam2/FairyTaleTeam2/Content/VFX/Textures/T_Smoke_Tiled_D.uasset" 1323
"C:/Users/emanu/Documents/GitHub/FairyTaleGameJamTeam2/FairyTaleTeam2/Content/VFX/Textures/T_Smoke_Tiled_D.uexp" 1324
"C:/Users/emanu/Documents/GitHub/FairyTaleGameJamTeam2/FairyTaleTeam2/Content/VFX/Material/M_smoke_subUV.uasset" 1325
"C:/Users/emanu/Documents/GitHub/FairyTaleGameJamTeam2/FairyTaleTeam2/Content/VFX/Material/M_smoke_subUV.uexp" 1326
"C:/Users/emanu/Documents/GitHub/FairyTaleGameJamTeam2/FairyTaleTeam2/Content/VFX/Niagara/NS_Fire.uasset" 1327
"C:/Users/emanu/Documents/GitHub/FairyTaleGameJamTeam2/FairyTaleTeam2/Content/VFX/Niagara/NS_Fire.uexp" 1328
"C:/Users/emanu/Documents/GitHub/FairyTaleGameJamTeam2/FairyTaleTeam2/Content/a_Fairytale/Art/Textures/glass_BaseColor.ubulk" 1329
"C:/Users/emanu/Documents/GitHub/FairyTaleGameJamTeam2/FairyTaleTeam2/Content/a_Fairytale/Art/Textures/glass_BaseColor.uasset" 1330
"C:/Users/emanu/Documents/GitHub/FairyTaleGameJamTeam2/FairyTaleTeam2/Content/a_Fairytale/Art/Textures/glass_BaseColor.uexp" 1331
"C:/Users/emanu/Documents/GitHub/FairyTaleGameJamTeam2/FairyTaleTeam2/Content/a_Fairytale/Art/Textures/glass_Normal.ubulk" 1332
"C:/Users/emanu/Documents/GitHub/FairyTaleGameJamTeam2/FairyTaleTeam2/Content/a_Fairytale/Art/Textures/glass_Normal.uasset" 1333
"C:/Users/emanu/Documents/GitHub/FairyTaleGameJamTeam2/FairyTaleTeam2/Content/a_Fairytale/Art/Textures/glass_Normal.uexp" 1334
"C:/Users/emanu/Documents/GitHub/FairyTaleGameJamTeam2/FairyTaleTeam2/Content/a_Fairytale/Art/Textures/glass_OcclusionRoughnessMetallic.ubulk" 1335
"C:/Users/emanu/Documents/GitHub/FairyTaleGameJamTeam2/FairyTaleTeam2/Content/a_Fairytale/Art/Textures/glass_OcclusionRoughnessMetallic.uasset" 1336
"C:/Users/emanu/Documents/GitHub/FairyTaleGameJamTeam2/FairyTaleTeam2/Content/a_Fairytale/Art/Textures/glass_OcclusionRoughnessMetallic.uexp" 1337
"C:/Users/emanu/Documents/GitHub/FairyTaleGameJamTeam2/FairyTaleTeam2/Content/a_Fairytale/Art/Materials/m_glass.uasset" 1338
"C:/Users/emanu/Documents/GitHub/FairyTaleGameJamTeam2/FairyTaleTeam2/Content/a_Fairytale/Art/Materials/m_glass.uexp" 1339
"C:/Users/emanu/Documents/GitHub/FairyTaleGameJamTeam2/FairyTaleTeam2/Content/a_Fairytale/Art/Materials/mi_glass.uasset" 1340
"C:/Users/emanu/Documents/GitHub/FairyTaleGameJamTeam2/FairyTaleTeam2/Content/a_Fairytale/Art/Materials/mi_glass.uexp" 1341
"C:/Users/emanu/Documents/GitHub/FairyTaleGameJamTeam2/FairyTaleTeam2/Content/a_Fairytale/Art/Textures/MetalWood_Trim_BaseColor.ubulk" 1342
"C:/Users/emanu/Documents/GitHub/FairyTaleGameJamTeam2/FairyTaleTeam2/Content/a_Fairytale/Art/Textures/MetalWood_Trim_BaseColor.uasset" 1343
"C:/Users/emanu/Documents/GitHub/FairyTaleGameJamTeam2/FairyTaleTeam2/Content/a_Fairytale/Art/Textures/MetalWood_Trim_BaseColor.uexp" 1344
"C:/Users/emanu/Documents/GitHub/FairyTaleGameJamTeam2/FairyTaleTeam2/Content/a_Fairytale/Art/Textures/MetalWood_Trim_Normal.ubulk" 1345
"C:/Users/emanu/Documents/GitHub/FairyTaleGameJamTeam2/FairyTaleTeam2/Content/a_Fairytale/Art/Textures/MetalWood_Trim_Normal.uasset" 1346
"C:/Users/emanu/Documents/GitHub/FairyTaleGameJamTeam2/FairyTaleTeam2/Content/a_Fairytale/Art/Textures/MetalWood_Trim_Normal.uexp" 1347
"C:/Users/emanu/Documents/GitHub/FairyTaleGameJamTeam2/FairyTaleTeam2/Content/a_Fairytale/Art/Textures/MetalWood_Trim_ORM.ubulk" 1348
"C:/Users/emanu/Documents/GitHub/FairyTaleGameJamTeam2/FairyTaleTeam2/Content/a_Fairytale/Art/Textures/MetalWood_Trim_ORM.uasset" 1349
"C:/Users/emanu/Documents/GitHub/FairyTaleGameJamTeam2/FairyTaleTeam2/Content/a_Fairytale/Art/Textures/MetalWood_Trim_ORM.uexp" 1350
"C:/Users/emanu/Documents/GitHub/FairyTaleGameJamTeam2/FairyTaleTeam2/Content/a_Fairytale/Art/Materials/m_trimSheet.uasset" 1351
"C:/Users/emanu/Documents/GitHub/FairyTaleGameJamTeam2/FairyTaleTeam2/Content/a_Fairytale/Art/Materials/m_trimSheet.uexp" 1352
"C:/Users/emanu/Documents/GitHub/FairyTaleGameJamTeam2/FairyTaleTeam2/Content/a_Fairytale/Art/Materials/mi_trimSheet.uasset" 1353
"C:/Users/emanu/Documents/GitHub/FairyTaleGameJamTeam2/FairyTaleTeam2/Content/a_Fairytale/Art/Materials/mi_trimSheet.uexp" 1354
"C:/Users/emanu/Documents/GitHub/FairyTaleGameJamTeam2/FairyTaleTeam2/Content/a_Fairytale/Art/Meshes/armoire.ubulk" 1355
"C:/Users/emanu/Documents/GitHub/FairyTaleGameJamTeam2/FairyTaleTeam2/Content/a_Fairytale/Art/Meshes/armoire.uasset" 1356
"C:/Users/emanu/Documents/GitHub/FairyTaleGameJamTeam2/FairyTaleTeam2/Content/a_Fairytale/Art/Meshes/armoire.uexp" 1357
"C:/Users/emanu/Documents/GitHub/FairyTaleGameJamTeam2/FairyTaleTeam2/Content/a_Fairytale/Art/Meshes/Armoire_doorL.ubulk" 1358
"C:/Users/emanu/Documents/GitHub/FairyTaleGameJamTeam2/FairyTaleTeam2/Content/a_Fairytale/Art/Meshes/Armoire_doorL.uasset" 1359
"C:/Users/emanu/Documents/GitHub/FairyTaleGameJamTeam2/FairyTaleTeam2/Content/a_Fairytale/Art/Meshes/Armoire_doorL.uexp" 1360
"C:/Users/emanu/Documents/GitHub/FairyTaleGameJamTeam2/FairyTaleTeam2/Content/a_Fairytale/Art/Meshes/Armoire_doorR.ubulk" 1361
"C:/Users/emanu/Documents/GitHub/FairyTaleGameJamTeam2/FairyTaleTeam2/Content/a_Fairytale/Art/Meshes/Armoire_doorR.uasset" 1362
"C:/Users/emanu/Documents/GitHub/FairyTaleGameJamTeam2/FairyTaleTeam2/Content/a_Fairytale/Art/Meshes/Armoire_doorR.uexp" 1363
"C:/Users/emanu/Documents/GitHub/FairyTaleGameJamTeam2/FairyTaleTeam2/Content/a_Fairytale/Art/Meshes/bathroom_Sink.ubulk" 1364
"C:/Users/emanu/Documents/GitHub/FairyTaleGameJamTeam2/FairyTaleTeam2/Content/a_Fairytale/Art/Meshes/bathroom_Sink.uasset" 1365
"C:/Users/emanu/Documents/GitHub/FairyTaleGameJamTeam2/FairyTaleTeam2/Content/a_Fairytale/Art/Meshes/bathroom_Sink.uexp" 1366
"C:/Users/emanu/Documents/GitHub/FairyTaleGameJamTeam2/FairyTaleTeam2/Content/a_Fairytale/Art/Meshes/bathTub.ubulk" 1367
"C:/Users/emanu/Documents/GitHub/FairyTaleGameJamTeam2/FairyTaleTeam2/Content/a_Fairytale/Art/Meshes/bathTub.uasset" 1368
"C:/Users/emanu/Documents/GitHub/FairyTaleGameJamTeam2/FairyTaleTeam2/Content/a_Fairytale/Art/Meshes/bathTub.uexp" 1369
"C:/Users/emanu/Documents/GitHub/FairyTaleGameJamTeam2/FairyTaleTeam2/Content/a_Fairytale/Art/Meshes/Cabinet.ubulk" 1370
"C:/Users/emanu/Documents/GitHub/FairyTaleGameJamTeam2/FairyTaleTeam2/Content/a_Fairytale/Art/Meshes/Cabinet.uasset" 1371
"C:/Users/emanu/Documents/GitHub/FairyTaleGameJamTeam2/FairyTaleTeam2/Content/a_Fairytale/Art/Meshes/Cabinet.uexp" 1372
"C:/Users/emanu/Documents/GitHub/FairyTaleGameJamTeam2/FairyTaleTeam2/Content/a_Fairytale/Art/Meshes/Cabinet_doorL1.ubulk" 1373
"C:/Users/emanu/Documents/GitHub/FairyTaleGameJamTeam2/FairyTaleTeam2/Content/a_Fairytale/Art/Meshes/Cabinet_doorL1.uasset" 1374
"C:/Users/emanu/Documents/GitHub/FairyTaleGameJamTeam2/FairyTaleTeam2/Content/a_Fairytale/Art/Meshes/Cabinet_doorL1.uexp" 1375
"C:/Users/emanu/Documents/GitHub/FairyTaleGameJamTeam2/FairyTaleTeam2/Content/a_Fairytale/Art/Meshes/Cabinet_doorL2.ubulk" 1376
"C:/Users/emanu/Documents/GitHub/FairyTaleGameJamTeam2/FairyTaleTeam2/Content/a_Fairytale/Art/Meshes/Cabinet_doorL2.uasset" 1377
"C:/Users/emanu/Documents/GitHub/FairyTaleGameJamTeam2/FairyTaleTeam2/Content/a_Fairytale/Art/Meshes/Cabinet_doorL2.uexp" 1378
"C:/Users/emanu/Documents/GitHub/FairyTaleGameJamTeam2/FairyTaleTeam2/Content/a_Fairytale/Art/Meshes/Cabinet_doorR1.ubulk" 1379
"C:/Users/emanu/Documents/GitHub/FairyTaleGameJamTeam2/FairyTaleTeam2/Content/a_Fairytale/Art/Meshes/Cabinet_doorR1.uasset" 1380
"C:/Users/emanu/Documents/GitHub/FairyTaleGameJamTeam2/FairyTaleTeam2/Content/a_Fairytale/Art/Meshes/Cabinet_doorR1.uexp" 1381
"C:/Users/emanu/Documents/GitHub/FairyTaleGameJamTeam2/FairyTaleTeam2/Content/a_Fairytale/Art/Meshes/Cabinet_doorR2.ubulk" 1382
"C:/Users/emanu/Documents/GitHub/FairyTaleGameJamTeam2/FairyTaleTeam2/Content/a_Fairytale/Art/Meshes/Cabinet_doorR2.uasset" 1383
"C:/Users/emanu/Documents/GitHub/FairyTaleGameJamTeam2/FairyTaleTeam2/Content/a_Fairytale/Art/Meshes/Cabinet_doorR2.uexp" 1384
"C:/Users/emanu/Documents/GitHub/FairyTaleGameJamTeam2/FairyTaleTeam2/Content/a_Fairytale/Art/Meshes/chair.ubulk" 1385
"C:/Users/emanu/Documents/GitHub/FairyTaleGameJamTeam2/FairyTaleTeam2/Content/a_Fairytale/Art/Meshes/chair.uasset" 1386
"C:/Users/emanu/Documents/GitHub/FairyTaleGameJamTeam2/FairyTaleTeam2/Content/a_Fairytale/Art/Meshes/chair.uexp" 1387
"C:/Users/emanu/Documents/GitHub/FairyTaleGameJamTeam2/FairyTaleTeam2/Content/a_Fairytale/Art/Meshes/chair_Broken.ubulk" 1388
"C:/Users/emanu/Documents/GitHub/FairyTaleGameJamTeam2/FairyTaleTeam2/Content/a_Fairytale/Art/Meshes/chair_Broken.uasset" 1389
"C:/Users/emanu/Documents/GitHub/FairyTaleGameJamTeam2/FairyTaleTeam2/Content/a_Fairytale/Art/Meshes/chair_Broken.uexp" 1390
"C:/Users/emanu/Documents/GitHub/FairyTaleGameJamTeam2/FairyTaleTeam2/Content/a_Fairytale/Art/Meshes/cookingPot.ubulk" 1391
"C:/Users/emanu/Documents/GitHub/FairyTaleGameJamTeam2/FairyTaleTeam2/Content/a_Fairytale/Art/Meshes/cookingPot.uasset" 1392
"C:/Users/emanu/Documents/GitHub/FairyTaleGameJamTeam2/FairyTaleTeam2/Content/a_Fairytale/Art/Meshes/cookingPot.uexp" 1393
"C:/Users/emanu/Documents/GitHub/FairyTaleGameJamTeam2/FairyTaleTeam2/Content/a_Fairytale/Art/Textures/crate_BaseColor.ubulk" 1394
"C:/Users/emanu/Documents/GitHub/FairyTaleGameJamTeam2/FairyTaleTeam2/Content/a_Fairytale/Art/Textures/crate_BaseColor.uasset" 1395
"C:/Users/emanu/Documents/GitHub/FairyTaleGameJamTeam2/FairyTaleTeam2/Content/a_Fairytale/Art/Textures/crate_BaseColor.uexp" 1396
"C:/Users/emanu/Documents/GitHub/FairyTaleGameJamTeam2/FairyTaleTeam2/Content/a_Fairytale/Art/Textures/crate_Normal.ubulk" 1397
"C:/Users/emanu/Documents/GitHub/FairyTaleGameJamTeam2/FairyTaleTeam2/Content/a_Fairytale/Art/Textures/crate_Normal.uasset" 1398
"C:/Users/emanu/Documents/GitHub/FairyTaleGameJamTeam2/FairyTaleTeam2/Content/a_Fairytale/Art/Textures/crate_Normal.uexp" 1399
"C:/Users/emanu/Documents/GitHub/FairyTaleGameJamTeam2/FairyTaleTeam2/Content/a_Fairytale/Art/Textures/crate_ORM.ubulk" 1400
"C:/Users/emanu/Documents/GitHub/FairyTaleGameJamTeam2/FairyTaleTeam2/Content/a_Fairytale/Art/Textures/crate_ORM.uasset" 1401
"C:/Users/emanu/Documents/GitHub/FairyTaleGameJamTeam2/FairyTaleTeam2/Content/a_Fairytale/Art/Textures/crate_ORM.uexp" 1402
"C:/Users/emanu/Documents/GitHub/FairyTaleGameJamTeam2/FairyTaleTeam2/Content/a_Fairytale/Art/Materials/m_crate.uasset" 1403
"C:/Users/emanu/Documents/GitHub/FairyTaleGameJamTeam2/FairyTaleTeam2/Content/a_Fairytale/Art/Materials/m_crate.uexp" 1404
"C:/Users/emanu/Documents/GitHub/FairyTaleGameJamTeam2/FairyTaleTeam2/Content/a_Fairytale/Art/Materials/mi_crate.uasset" 1405
"C:/Users/emanu/Documents/GitHub/FairyTaleGameJamTeam2/FairyTaleTeam2/Content/a_Fairytale/Art/Materials/mi_crate.uexp" 1406
"C:/Users/emanu/Documents/GitHub/FairyTaleGameJamTeam2/FairyTaleTeam2/Content/a_Fairytale/Art/Meshes/crate.ubulk" 1407
"C:/Users/emanu/Documents/GitHub/FairyTaleGameJamTeam2/FairyTaleTeam2/Content/a_Fairytale/Art/Meshes/crate.uasset" 1408
"C:/Users/emanu/Documents/GitHub/FairyTaleGameJamTeam2/FairyTaleTeam2/Content/a_Fairytale/Art/Meshes/crate.uexp" 1409
"C:/Users/emanu/Documents/GitHub/FairyTaleGameJamTeam2/FairyTaleTeam2/Content/a_Fairytale/Art/Meshes/door.ubulk" 1410
"C:/Users/emanu/Documents/GitHub/FairyTaleGameJamTeam2/FairyTaleTeam2/Content/a_Fairytale/Art/Meshes/door.uasset" 1411
"C:/Users/emanu/Documents/GitHub/FairyTaleGameJamTeam2/FairyTaleTeam2/Content/a_Fairytale/Art/Meshes/door.uexp" 1412
"C:/Users/emanu/Documents/GitHub/FairyTaleGameJamTeam2/FairyTaleTeam2/Content/a_Fairytale/Art/Meshes/door_frame.ubulk" 1413
"C:/Users/emanu/Documents/GitHub/FairyTaleGameJamTeam2/FairyTaleTeam2/Content/a_Fairytale/Art/Meshes/door_frame.uasset" 1414
"C:/Users/emanu/Documents/GitHub/FairyTaleGameJamTeam2/FairyTaleTeam2/Content/a_Fairytale/Art/Meshes/door_frame.uexp" 1415
"C:/Users/emanu/Documents/GitHub/FairyTaleGameJamTeam2/FairyTaleTeam2/Content/a_Fairytale/Art/Meshes/fridge.ubulk" 1416
"C:/Users/emanu/Documents/GitHub/FairyTaleGameJamTeam2/FairyTaleTeam2/Content/a_Fairytale/Art/Meshes/fridge.uasset" 1417
"C:/Users/emanu/Documents/GitHub/FairyTaleGameJamTeam2/FairyTaleTeam2/Content/a_Fairytale/Art/Meshes/fridge.uexp" 1418
"C:/Users/emanu/Documents/GitHub/FairyTaleGameJamTeam2/FairyTaleTeam2/Content/a_Fairytale/Art/Textures/gvm_BaseColor.ubulk" 1419
"C:/Users/emanu/Documents/GitHub/FairyTaleGameJamTeam2/FairyTaleTeam2/Content/a_Fairytale/Art/Textures/gvm_BaseColor.uasset" 1420
"C:/Users/emanu/Documents/GitHub/FairyTaleGameJamTeam2/FairyTaleTeam2/Content/a_Fairytale/Art/Textures/gvm_BaseColor.uexp" 1421
"C:/Users/emanu/Documents/GitHub/FairyTaleGameJamTeam2/FairyTaleTeam2/Content/a_Fairytale/Art/Textures/gvm_Normal.ubulk" 1422
"C:/Users/emanu/Documents/GitHub/FairyTaleGameJamTeam2/FairyTaleTeam2/Content/a_Fairytale/Art/Textures/gvm_Normal.uasset" 1423
"C:/Users/emanu/Documents/GitHub/FairyTaleGameJamTeam2/FairyTaleTeam2/Content/a_Fairytale/Art/Textures/gvm_Normal.uexp" 1424
"C:/Users/emanu/Documents/GitHub/FairyTaleGameJamTeam2/FairyTaleTeam2/Content/a_Fairytale/Art/Textures/gvm_ORM.ubulk" 1425
"C:/Users/emanu/Documents/GitHub/FairyTaleGameJamTeam2/FairyTaleTeam2/Content/a_Fairytale/Art/Textures/gvm_ORM.uasset" 1426
"C:/Users/emanu/Documents/GitHub/FairyTaleGameJamTeam2/FairyTaleTeam2/Content/a_Fairytale/Art/Textures/gvm_ORM.uexp" 1427
"C:/Users/emanu/Documents/GitHub/FairyTaleGameJamTeam2/FairyTaleTeam2/Content/a_Fairytale/Art/Materials/m_GVM.uasset" 1428
"C:/Users/emanu/Documents/GitHub/FairyTaleGameJamTeam2/FairyTaleTeam2/Content/a_Fairytale/Art/Materials/m_GVM.uexp" 1429
"C:/Users/emanu/Documents/GitHub/FairyTaleGameJamTeam2/FairyTaleTeam2/Content/a_Fairytale/Art/Materials/mi_GVM.uasset" 1430
"C:/Users/emanu/Documents/GitHub/FairyTaleGameJamTeam2/FairyTaleTeam2/Content/a_Fairytale/Art/Materials/mi_GVM.uexp" 1431
"C:/Users/emanu/Documents/GitHub/FairyTaleGameJamTeam2/FairyTaleTeam2/Content/a_Fairytale/Art/Meshes/GVM_light.ubulk" 1432
"C:/Users/emanu/Documents/GitHub/FairyTaleGameJamTeam2/FairyTaleTeam2/Content/a_Fairytale/Art/Meshes/GVM_light.uasset" 1433
"C:/Users/emanu/Documents/GitHub/FairyTaleGameJamTeam2/FairyTaleTeam2/Content/a_Fairytale/Art/Meshes/GVM_light.uexp" 1434
"C:/Users/emanu/Documents/GitHub/FairyTaleGameJamTeam2/FairyTaleTeam2/Content/a_Fairytale/Art/Meshes/ridinghood_Skeleton.uasset" 1435
"C:/Users/emanu/Documents/GitHub/FairyTaleGameJamTeam2/FairyTaleTeam2/Content/a_Fairytale/Art/Meshes/ridinghood_Skeleton.uexp" 1436
"C:/Users/emanu/Documents/GitHub/FairyTaleGameJamTeam2/FairyTaleTeam2/Content/a_Fairytale/Art/Textures/dollcolor.ubulk" 1437
"C:/Users/emanu/Documents/GitHub/FairyTaleGameJamTeam2/FairyTaleTeam2/Content/a_Fairytale/Art/Textures/dollcolor.uasset" 1438
"C:/Users/emanu/Documents/GitHub/FairyTaleGameJamTeam2/FairyTaleTeam2/Content/a_Fairytale/Art/Textures/dollcolor.uexp" 1439
"C:/Users/emanu/Documents/GitHub/FairyTaleGameJamTeam2/FairyTaleTeam2/Content/a_Fairytale/Art/Textures/dollmetallic.ubulk" 1440
"C:/Users/emanu/Documents/GitHub/FairyTaleGameJamTeam2/FairyTaleTeam2/Content/a_Fairytale/Art/Textures/dollmetallic.uasset" 1441
"C:/Users/emanu/Documents/GitHub/FairyTaleGameJamTeam2/FairyTaleTeam2/Content/a_Fairytale/Art/Textures/dollmetallic.uexp" 1442
"C:/Users/emanu/Documents/GitHub/FairyTaleGameJamTeam2/FairyTaleTeam2/Content/a_Fairytale/Art/Textures/dollnormal.ubulk" 1443
"C:/Users/emanu/Documents/GitHub/FairyTaleGameJamTeam2/FairyTaleTeam2/Content/a_Fairytale/Art/Textures/dollnormal.uasset" 1444
"C:/Users/emanu/Documents/GitHub/FairyTaleGameJamTeam2/FairyTaleTeam2/Content/a_Fairytale/Art/Textures/dollnormal.uexp" 1445
"C:/Users/emanu/Documents/GitHub/FairyTaleGameJamTeam2/FairyTaleTeam2/Content/a_Fairytale/Art/Materials/m_mannequin.uasset" 1446
"C:/Users/emanu/Documents/GitHub/FairyTaleGameJamTeam2/FairyTaleTeam2/Content/a_Fairytale/Art/Materials/m_mannequin.uexp" 1447
"C:/Users/emanu/Documents/GitHub/FairyTaleGameJamTeam2/FairyTaleTeam2/Content/a_Fairytale/Art/Meshes/mannequin_PhysicsAsset.uasset" 1448
"C:/Users/emanu/Documents/GitHub/FairyTaleGameJamTeam2/FairyTaleTeam2/Content/a_Fairytale/Art/Meshes/mannequin_PhysicsAsset.uexp" 1449
"C:/Users/emanu/Documents/GitHub/FairyTaleGameJamTeam2/FairyTaleTeam2/Content/a_Fairytale/Art/Meshes/mannequin.uasset" 1450
"C:/Users/emanu/Documents/GitHub/FairyTaleGameJamTeam2/FairyTaleTeam2/Content/a_Fairytale/Art/Meshes/mannequin.uexp" 1451
"C:/Users/emanu/Documents/GitHub/FairyTaleGameJamTeam2/FairyTaleTeam2/Content/a_Fairytale/Art/Textures/rabbitcolor.ubulk" 1452
"C:/Users/emanu/Documents/GitHub/FairyTaleGameJamTeam2/FairyTaleTeam2/Content/a_Fairytale/Art/Textures/rabbitcolor.uasset" 1453
"C:/Users/emanu/Documents/GitHub/FairyTaleGameJamTeam2/FairyTaleTeam2/Content/a_Fairytale/Art/Textures/rabbitcolor.uexp" 1454
"C:/Users/emanu/Documents/GitHub/FairyTaleGameJamTeam2/FairyTaleTeam2/Content/a_Fairytale/Art/Textures/rabbitmetallic.ubulk" 1455
"C:/Users/emanu/Documents/GitHub/FairyTaleGameJamTeam2/FairyTaleTeam2/Content/a_Fairytale/Art/Textures/rabbitmetallic.uasset" 1456
"C:/Users/emanu/Documents/GitHub/FairyTaleGameJamTeam2/FairyTaleTeam2/Content/a_Fairytale/Art/Textures/rabbitmetallic.uexp" 1457
"C:/Users/emanu/Documents/GitHub/FairyTaleGameJamTeam2/FairyTaleTeam2/Content/a_Fairytale/Art/Textures/rabbitnormal.ubulk" 1458
"C:/Users/emanu/Documents/GitHub/FairyTaleGameJamTeam2/FairyTaleTeam2/Content/a_Fairytale/Art/Textures/rabbitnormal.uasset" 1459
"C:/Users/emanu/Documents/GitHub/FairyTaleGameJamTeam2/FairyTaleTeam2/Content/a_Fairytale/Art/Textures/rabbitnormal.uexp" 1460
"C:/Users/emanu/Documents/GitHub/FairyTaleGameJamTeam2/FairyTaleTeam2/Content/a_Fairytale/Art/Materials/m_rabbit.uasset" 1461
"C:/Users/emanu/Documents/GitHub/FairyTaleGameJamTeam2/FairyTaleTeam2/Content/a_Fairytale/Art/Materials/m_rabbit.uexp" 1462
"C:/Users/emanu/Documents/GitHub/FairyTaleGameJamTeam2/FairyTaleTeam2/Content/a_Fairytale/Art/Meshes/rabbit_PhysicsAsset.uasset" 1463
"C:/Users/emanu/Documents/GitHub/FairyTaleGameJamTeam2/FairyTaleTeam2/Content/a_Fairytale/Art/Meshes/rabbit_PhysicsAsset.uexp" 1464
"C:/Users/emanu/Documents/GitHub/FairyTaleGameJamTeam2/FairyTaleTeam2/Content/a_Fairytale/Art/Meshes/rabbit.uasset" 1465
"C:/Users/emanu/Documents/GitHub/FairyTaleGameJamTeam2/FairyTaleTeam2/Content/a_Fairytale/Art/Meshes/rabbit.uexp" 1466
"C:/Users/emanu/Documents/GitHub/FairyTaleGameJamTeam2/FairyTaleTeam2/Content/a_Fairytale/Art/Meshes/Staircase.ubulk" 1467
"C:/Users/emanu/Documents/GitHub/FairyTaleGameJamTeam2/FairyTaleTeam2/Content/a_Fairytale/Art/Meshes/Staircase.uasset" 1468
"C:/Users/emanu/Documents/GitHub/FairyTaleGameJamTeam2/FairyTaleTeam2/Content/a_Fairytale/Art/Meshes/Staircase.uexp" 1469
"C:/Users/emanu/Documents/GitHub/FairyTaleGameJamTeam2/FairyTaleTeam2/Content/a_Fairytale/Art/Meshes/stove.ubulk" 1470
"C:/Users/emanu/Documents/GitHub/FairyTaleGameJamTeam2/FairyTaleTeam2/Content/a_Fairytale/Art/Meshes/stove.uasset" 1471
"C:/Users/emanu/Documents/GitHub/FairyTaleGameJamTeam2/FairyTaleTeam2/Content/a_Fairytale/Art/Meshes/stove.uexp" 1472
"C:/Users/emanu/Documents/GitHub/FairyTaleGameJamTeam2/FairyTaleTeam2/Content/a_Fairytale/Art/Meshes/table.ubulk" 1473
"C:/Users/emanu/Documents/GitHub/FairyTaleGameJamTeam2/FairyTaleTeam2/Content/a_Fairytale/Art/Meshes/table.uasset" 1474
"C:/Users/emanu/Documents/GitHub/FairyTaleGameJamTeam2/FairyTaleTeam2/Content/a_Fairytale/Art/Meshes/table.uexp" 1475
"C:/Users/emanu/Documents/GitHub/FairyTaleGameJamTeam2/FairyTaleTeam2/Content/a_Fairytale/Art/Meshes/table_Broken.ubulk" 1476
"C:/Users/emanu/Documents/GitHub/FairyTaleGameJamTeam2/FairyTaleTeam2/Content/a_Fairytale/Art/Meshes/table_Broken.uasset" 1477
"C:/Users/emanu/Documents/GitHub/FairyTaleGameJamTeam2/FairyTaleTeam2/Content/a_Fairytale/Art/Meshes/table_Broken.uexp" 1478
"C:/Users/emanu/Documents/GitHub/FairyTaleGameJamTeam2/FairyTaleTeam2/Content/a_Fairytale/Art/Meshes/tool_2.ubulk" 1479
"C:/Users/emanu/Documents/GitHub/FairyTaleGameJamTeam2/FairyTaleTeam2/Content/a_Fairytale/Art/Meshes/tool_2.uasset" 1480
"C:/Users/emanu/Documents/GitHub/FairyTaleGameJamTeam2/FairyTaleTeam2/Content/a_Fairytale/Art/Meshes/tool_2.uexp" 1481
"C:/Users/emanu/Documents/GitHub/FairyTaleGameJamTeam2/FairyTaleTeam2/Content/a_Fairytale/Art/Meshes/tool_3.ubulk" 1482
"C:/Users/emanu/Documents/GitHub/FairyTaleGameJamTeam2/FairyTaleTeam2/Content/a_Fairytale/Art/Meshes/tool_3.uasset" 1483
"C:/Users/emanu/Documents/GitHub/FairyTaleGameJamTeam2/FairyTaleTeam2/Content/a_Fairytale/Art/Meshes/tool_3.uexp" 1484
"C:/Users/emanu/Documents/GitHub/FairyTaleGameJamTeam2/FairyTaleTeam2/Content/a_Fairytale/Art/Meshes/tool_4.ubulk" 1485
"C:/Users/emanu/Documents/GitHub/FairyTaleGameJamTeam2/FairyTaleTeam2/Content/a_Fairytale/Art/Meshes/tool_4.uasset" 1486
"C:/Users/emanu/Documents/GitHub/FairyTaleGameJamTeam2/FairyTaleTeam2/Content/a_Fairytale/Art/Meshes/tool_4.uexp" 1487
"C:/Users/emanu/Documents/GitHub/FairyTaleGameJamTeam2/FairyTaleTeam2/Content/a_Fairytale/Art/Meshes/tool_5.ubulk" 1488
"C:/Users/emanu/Documents/GitHub/FairyTaleGameJamTeam2/FairyTaleTeam2/Content/a_Fairytale/Art/Meshes/tool_5.uasset" 1489
"C:/Users/emanu/Documents/GitHub/FairyTaleGameJamTeam2/FairyTaleTeam2/Content/a_Fairytale/Art/Meshes/tool_5.uexp" 1490
"C:/Users/emanu/Documents/GitHub/FairyTaleGameJamTeam2/FairyTaleTeam2/Content/a_Fairytale/Art/Meshes/window_with_Glass.ubulk" 1491
"C:/Users/emanu/Documents/GitHub/FairyTaleGameJamTeam2/FairyTaleTeam2/Content/a_Fairytale/Art/Meshes/window_with_Glass.uasset" 1492
"C:/Users/emanu/Documents/GitHub/FairyTaleGameJamTeam2/FairyTaleTeam2/Content/a_Fairytale/Art/Meshes/window_with_Glass.uexp" 1493
"C:/Users/emanu/Documents/GitHub/FairyTaleGameJamTeam2/FairyTaleTeam2/Content/a_Fairytale/Art/Meshes/Workbench.ubulk" 1494
"C:/Users/emanu/Documents/GitHub/FairyTaleGameJamTeam2/FairyTaleTeam2/Content/a_Fairytale/Art/Meshes/Workbench.uasset" 1495
"C:/Users/emanu/Documents/GitHub/FairyTaleGameJamTeam2/FairyTaleTeam2/Content/a_Fairytale/Art/Meshes/Workbench.uexp" 1496
"C:/Users/emanu/Documents/GitHub/FairyTaleGameJamTeam2/FairyTaleTeam2/Content/a_Fairytale/Audio/SW_Flash.ubulk" 1497
"C:/Users/emanu/Documents/GitHub/FairyTaleGameJamTeam2/FairyTaleTeam2/Content/a_Fairytale/Audio/SW_Flash.uasset" 1498
"C:/Users/emanu/Documents/GitHub/FairyTaleGameJamTeam2/FairyTaleTeam2/Content/a_Fairytale/Audio/SW_Flash.uexp" 1499
"C:/Users/emanu/Documents/GitHub/FairyTaleGameJamTeam2/FairyTaleTeam2/Content/a_Fairytale/UI/WBP_Died.uasset" 1500
"C:/Users/emanu/Documents/GitHub/FairyTaleGameJamTeam2/FairyTaleTeam2/Content/a_Fairytale/UI/WBP_Died.uexp" 1501
"C:/Users/emanu/Documents/GitHub/FairyTaleGameJamTeam2/FairyTaleTeam2/Content/Characters/Mannequins/Textures/Quinn/T_Quinn_01_D.ubulk" 1502
"C:/Users/emanu/Documents/GitHub/FairyTaleGameJamTeam2/FairyTaleTeam2/Content/Characters/Mannequins/Textures/Quinn/T_Quinn_01_D.uasset" 1503
"C:/Users/emanu/Documents/GitHub/FairyTaleGameJamTeam2/FairyTaleTeam2/Content/Characters/Mannequins/Textures/Quinn/T_Quinn_01_D.uexp" 1504
"C:/Users/emanu/Documents/GitHub/FairyTaleGameJamTeam2/FairyTaleTeam2/Content/Characters/Mannequins/Textures/Quinn/T_Quinn_01_MRA.ubulk" 1505
"C:/Users/emanu/Documents/GitHub/FairyTaleGameJamTeam2/FairyTaleTeam2/Content/Characters/Mannequins/Textures/Quinn/T_Quinn_01_MRA.uasset" 1506
"C:/Users/emanu/Documents/GitHub/FairyTaleGameJamTeam2/FairyTaleTeam2/Content/Characters/Mannequins/Textures/Quinn/T_Quinn_01_MRA.uexp" 1507
"C:/Users/emanu/Documents/GitHub/FairyTaleGameJamTeam2/FairyTaleTeam2/Content/Characters/Mannequins/Textures/Quinn/T_Quinn_01_N.ubulk" 1508
"C:/Users/emanu/Documents/GitHub/FairyTaleGameJamTeam2/FairyTaleTeam2/Content/Characters/Mannequins/Textures/Quinn/T_Quinn_01_N.uasset" 1509
"C:/Users/emanu/Documents/GitHub/FairyTaleGameJamTeam2/FairyTaleTeam2/Content/Characters/Mannequins/Textures/Quinn/T_Quinn_01_N.uexp" 1510
"C:/Users/emanu/Documents/GitHub/FairyTaleGameJamTeam2/FairyTaleTeam2/Content/Characters/Mannequins/Materials/Quinn/MI_Quinn_01.uasset" 1511
"C:/Users/emanu/Documents/GitHub/FairyTaleGameJamTeam2/FairyTaleTeam2/Content/Characters/Mannequins/Materials/Quinn/MI_Quinn_01.uexp" 1512
"C:/Users/emanu/Documents/GitHub/FairyTaleGameJamTeam2/FairyTaleTeam2/Content/Characters/Mannequins/Textures/Quinn/T_Quinn_02_D.ubulk" 1513
"C:/Users/emanu/Documents/GitHub/FairyTaleGameJamTeam2/FairyTaleTeam2/Content/Characters/Mannequins/Textures/Quinn/T_Quinn_02_D.uasset" 1514
"C:/Users/emanu/Documents/GitHub/FairyTaleGameJamTeam2/FairyTaleTeam2/Content/Characters/Mannequins/Textures/Quinn/T_Quinn_02_D.uexp" 1515
"C:/Users/emanu/Documents/GitHub/FairyTaleGameJamTeam2/FairyTaleTeam2/Content/Characters/Mannequins/Textures/Quinn/T_Quinn_02_MRA.ubulk" 1516
"C:/Users/emanu/Documents/GitHub/FairyTaleGameJamTeam2/FairyTaleTeam2/Content/Characters/Mannequins/Textures/Quinn/T_Quinn_02_MRA.uasset" 1517
"C:/Users/emanu/Documents/GitHub/FairyTaleGameJamTeam2/FairyTaleTeam2/Content/Characters/Mannequins/Textures/Quinn/T_Quinn_02_MRA.uexp" 1518
"C:/Users/emanu/Documents/GitHub/FairyTaleGameJamTeam2/FairyTaleTeam2/Content/Characters/Mannequins/Textures/Quinn/T_Quinn_02_N.ubulk" 1519
"C:/Users/emanu/Documents/GitHub/FairyTaleGameJamTeam2/FairyTaleTeam2/Content/Characters/Mannequins/Textures/Quinn/T_Quinn_02_N.uasset" 1520
"C:/Users/emanu/Documents/GitHub/FairyTaleGameJamTeam2/FairyTaleTeam2/Content/Characters/Mannequins/Textures/Quinn/T_Quinn_02_N.uexp" 1521
"C:/Users/emanu/Documents/GitHub/FairyTaleGameJamTeam2/FairyTaleTeam2/Content/Characters/Mannequins/Materials/Quinn/MI_Quinn_02.uasset" 1522
"C:/Users/emanu/Documents/GitHub/FairyTaleGameJamTeam2/FairyTaleTeam2/Content/Characters/Mannequins/Materials/Quinn/MI_Quinn_02.uexp" 1523
"C:/Users/emanu/Documents/GitHub/FairyTaleGameJamTeam2/FairyTaleTeam2/Content/Characters/Mannequins/Meshes/SKM_Quinn_Simple.uasset" 1524
"C:/Users/emanu/Documents/GitHub/FairyTaleGameJamTeam2/FairyTaleTeam2/Content/Characters/Mannequins/Meshes/SKM_Quinn_Simple.uexp" 1525
"C:/Users/emanu/Documents/GitHub/FairyTaleGameJamTeam2/FairyTaleTeam2/Content/a_Fairytale/Art/Textures/ridinghoodcolor.ubulk" 1526
"C:/Users/emanu/Documents/GitHub/FairyTaleGameJamTeam2/FairyTaleTeam2/Content/a_Fairytale/Art/Textures/ridinghoodcolor.uasset" 1527
"C:/Users/emanu/Documents/GitHub/FairyTaleGameJamTeam2/FairyTaleTeam2/Content/a_Fairytale/Art/Textures/ridinghoodcolor.uexp" 1528
"C:/Users/emanu/Documents/GitHub/FairyTaleGameJamTeam2/FairyTaleTeam2/Content/a_Fairytale/Art/Textures/ridinghoodmetallic.ubulk" 1529
"C:/Users/emanu/Documents/GitHub/FairyTaleGameJamTeam2/FairyTaleTeam2/Content/a_Fairytale/Art/Textures/ridinghoodmetallic.uasset" 1530
"C:/Users/emanu/Documents/GitHub/FairyTaleGameJamTeam2/FairyTaleTeam2/Content/a_Fairytale/Art/Textures/ridinghoodmetallic.uexp" 1531
"C:/Users/emanu/Documents/GitHub/FairyTaleGameJamTeam2/FairyTaleTeam2/Content/a_Fairytale/Art/Textures/ridinghoodnormal.ubulk" 1532
"C:/Users/emanu/Documents/GitHub/FairyTaleGameJamTeam2/FairyTaleTeam2/Content/a_Fairytale/Art/Textures/ridinghoodnormal.uasset" 1533
"C:/Users/emanu/Documents/GitHub/FairyTaleGameJamTeam2/FairyTaleTeam2/Content/a_Fairytale/Art/Textures/ridinghoodnormal.uexp" 1534
"C:/Users/emanu/Documents/GitHub/FairyTaleGameJamTeam2/FairyTaleTeam2/Content/a_Fairytale/Art/Materials/m_ridinghood.uasset" 1535
"C:/Users/emanu/Documents/GitHub/FairyTaleGameJamTeam2/FairyTaleTeam2/Content/a_Fairytale/Art/Materials/m_ridinghood.uexp" 1536
"C:/Users/emanu/Documents/GitHub/FairyTaleGameJamTeam2/FairyTaleTeam2/Content/a_Fairytale/Art/Meshes/ridinghood_PhysicsAsset.uasset" 1537
"C:/Users/emanu/Documents/GitHub/FairyTaleGameJamTeam2/FairyTaleTeam2/Content/a_Fairytale/Art/Meshes/ridinghood_PhysicsAsset.uexp" 1538
"C:/Users/emanu/Documents/GitHub/FairyTaleGameJamTeam2/FairyTaleTeam2/Content/a_Fairytale/Art/Meshes/ridinghood.uasset" 1539
"C:/Users/emanu/Documents/GitHub/FairyTaleGameJamTeam2/FairyTaleTeam2/Content/a_Fairytale/Art/Meshes/ridinghood.uexp" 1540
"C:/Users/emanu/Documents/GitHub/FairyTaleGameJamTeam2/FairyTaleTeam2/Content/a_Fairytale/Characters/Anims/MF_Unarmed_Jog_Fwd.uasset" 1541
"C:/Users/emanu/Documents/GitHub/FairyTaleGameJamTeam2/FairyTaleTeam2/Content/a_Fairytale/Characters/Anims/MF_Unarmed_Jog_Fwd.uexp" 1542
"C:/Users/emanu/Documents/GitHub/FairyTaleGameJamTeam2/FairyTaleTeam2/Content/a_Fairytale/Blueprints/Enemies/BP_RidingHoodAI.uasset" 1543
"C:/Users/emanu/Documents/GitHub/FairyTaleGameJamTeam2/FairyTaleTeam2/Content/a_Fairytale/Blueprints/Enemies/BP_RidingHoodAI.uexp" 1544
"C:/Users/emanu/Documents/GitHub/FairyTaleGameJamTeam2/FairyTaleTeam2/Content/a_Fairytale/Characters/Anims/MF_Unarmed_Walk_Fwd.uasset" 1545
"C:/Users/emanu/Documents/GitHub/FairyTaleGameJamTeam2/FairyTaleTeam2/Content/a_Fairytale/Characters/Anims/MF_Unarmed_Walk_Fwd.uexp" 1546
"C:/Users/emanu/Documents/GitHub/FairyTaleGameJamTeam2/FairyTaleTeam2/Content/a_Fairytale/Characters/Anims/MM_Land.uasset" 1547
"C:/Users/emanu/Documents/GitHub/FairyTaleGameJamTeam2/FairyTaleTeam2/Content/a_Fairytale/Characters/Anims/MM_Land.uexp" 1548
"C:/Users/emanu/Documents/GitHub/FairyTaleGameJamTeam2/FairyTaleTeam2/Content/a_Fairytale/Characters/Anims/BS_RidingHood.uasset" 1549
"C:/Users/emanu/Documents/GitHub/FairyTaleGameJamTeam2/FairyTaleTeam2/Content/a_Fairytale/Characters/Anims/BS_RidingHood.uexp" 1550
"C:/Users/emanu/Documents/GitHub/FairyTaleGameJamTeam2/FairyTaleTeam2/Content/a_Fairytale/Characters/Anims/ABP_RidingHood.uasset" 1551
"C:/Users/emanu/Documents/GitHub/FairyTaleGameJamTeam2/FairyTaleTeam2/Content/a_Fairytale/Characters/Anims/ABP_RidingHood.uexp" 1552
"C:/Users/emanu/Documents/GitHub/FairyTaleGameJamTeam2/FairyTaleTeam2/Content/a_Fairytale/Art/Textures/cinderellacolor.ubulk" 1553
"C:/Users/emanu/Documents/GitHub/FairyTaleGameJamTeam2/FairyTaleTeam2/Content/a_Fairytale/Art/Textures/cinderellacolor.uasset" 1554
"C:/Users/emanu/Documents/GitHub/FairyTaleGameJamTeam2/FairyTaleTeam2/Content/a_Fairytale/Art/Textures/cinderellacolor.uexp" 1555
"C:/Users/emanu/Documents/GitHub/FairyTaleGameJamTeam2/FairyTaleTeam2/Content/a_Fairytale/Art/Textures/cinderellametallic.ubulk" 1556
"C:/Users/emanu/Documents/GitHub/FairyTaleGameJamTeam2/FairyTaleTeam2/Content/a_Fairytale/Art/Textures/cinderellametallic.uasset" 1557
"C:/Users/emanu/Documents/GitHub/FairyTaleGameJamTeam2/FairyTaleTeam2/Content/a_Fairytale/Art/Textures/cinderellametallic.uexp" 1558
"C:/Users/emanu/Documents/GitHub/FairyTaleGameJamTeam2/FairyTaleTeam2/Content/a_Fairytale/Art/Textures/cinderellanormal.ubulk" 1559
"C:/Users/emanu/Documents/GitHub/FairyTaleGameJamTeam2/FairyTaleTeam2/Content/a_Fairytale/Art/Textures/cinderellanormal.uasset" 1560
"C:/Users/emanu/Documents/GitHub/FairyTaleGameJamTeam2/FairyTaleTeam2/Content/a_Fairytale/Art/Textures/cinderellanormal.uexp" 1561
"C:/Users/emanu/Documents/GitHub/FairyTaleGameJamTeam2/FairyTaleTeam2/Content/a_Fairytale/Art/Materials/m_cinderella.uasset" 1562
"C:/Users/emanu/Documents/GitHub/FairyTaleGameJamTeam2/FairyTaleTeam2/Content/a_Fairytale/Art/Materials/m_cinderella.uexp" 1563
"C:/Users/emanu/Documents/GitHub/FairyTaleGameJamTeam2/FairyTaleTeam2/Content/a_Fairytale/Art/Meshes/cinderella_PhysicsAsset.uasset" 1564
"C:/Users/emanu/Documents/GitHub/FairyTaleGameJamTeam2/FairyTaleTeam2/Content/a_Fairytale/Art/Meshes/cinderella_PhysicsAsset.uexp" 1565
"C:/Users/emanu/Documents/GitHub/FairyTaleGameJamTeam2/FairyTaleTeam2/Content/a_Fairytale/Art/Meshes/cinderella.uasset" 1566
"C:/Users/emanu/Documents/GitHub/FairyTaleGameJamTeam2/FairyTaleTeam2/Content/a_Fairytale/Art/Meshes/cinderella.uexp" 1567
"C:/Users/emanu/Documents/GitHub/FairyTaleGameJamTeam2/FairyTaleTeam2/Content/a_Fairytale/Characters/Anims/MF_Unarmed_Walk_Left.uasset" 1568
"C:/Users/emanu/Documents/GitHub/FairyTaleGameJamTeam2/FairyTaleTeam2/Content/a_Fairytale/Characters/Anims/MF_Unarmed_Walk_Left.uexp" 1569
"C:/Users/emanu/Documents/GitHub/FairyTaleGameJamTeam2/FairyTaleTeam2/Content/a_Fairytale/Blueprints/Enemies/BP_CinderellaAI.uasset" 1570
"C:/Users/emanu/Documents/GitHub/FairyTaleGameJamTeam2/FairyTaleTeam2/Content/a_Fairytale/Blueprints/Enemies/BP_CinderellaAI.uexp" 1571
"C:/Users/emanu/Documents/GitHub/FairyTaleGameJamTeam2/FairyTaleTeam2/Content/a_Fairytale/Characters/Anims/MF_Unarmed_Jog_Fwd_Left.uasset" 1572
"C:/Users/emanu/Documents/GitHub/FairyTaleGameJamTeam2/FairyTaleTeam2/Content/a_Fairytale/Characters/Anims/MF_Unarmed_Jog_Fwd_Left.uexp" 1573
"C:/Users/emanu/Documents/GitHub/FairyTaleGameJamTeam2/FairyTaleTeam2/Content/a_Fairytale/Blueprints/Enemies/BP_RabbitAI.uasset" 1574
"C:/Users/emanu/Documents/GitHub/FairyTaleGameJamTeam2/FairyTaleTeam2/Content/a_Fairytale/Blueprints/Enemies/BP_RabbitAI.uexp" 1575
"C:/Users/emanu/Documents/GitHub/FairyTaleGameJamTeam2/FairyTaleTeam2/Content/a_Fairytale/Characters/Anims/MM_Idle.uasset" 1576
"C:/Users/emanu/Documents/GitHub/FairyTaleGameJamTeam2/FairyTaleTeam2/Content/a_Fairytale/Characters/Anims/MM_Idle.uexp" 1577
"../../../Engine/Content/Functions/Engine_MaterialFunctions01/Texturing/ComputeMipLevel.uasset" 1578
"../../../Engine/Content/Functions/Engine_MaterialFunctions01/Texturing/ComputeMipLevel.uexp" 1579
"../../../Engine/Content/Functions/Engine_MaterialFunctions02/ExampleContent/Textures/DebugNumberPeriod.uasset" 1580
"../../../Engine/Content/Functions/Engine_MaterialFunctions02/ExampleContent/Textures/DebugNumberPeriod.uexp" 1581
"../../../Engine/Content/Functions/Engine_MaterialFunctions02/Utility/DebugScalarValues.uasset" 1582
"../../../Engine/Content/Functions/Engine_MaterialFunctions02/Utility/DebugScalarValues.uexp" 1583
"../../../Engine/Content/Functions/Engine_MaterialFunctions02/Utility/DebugFloat3Values.uasset" 1584
"../../../Engine/Content/Functions/Engine_MaterialFunctions02/Utility/DebugFloat3Values.uexp" 1585
"../../../Engine/Content/Functions/Engine_MaterialFunctions02/Math/RGBtoHSV.uasset" 1586
"../../../Engine/Content/Functions/Engine_MaterialFunctions02/Math/RGBtoHSV.uexp" 1587
"C:/Users/emanu/Documents/GitHub/FairyTaleGameJamTeam2/FairyTaleTeam2/Content/GoodSky/Resource/Textures/T_GoodSky_clouds_F.ubulk" 1588
"C:/Users/emanu/Documents/GitHub/FairyTaleGameJamTeam2/FairyTaleTeam2/Content/GoodSky/Resource/Textures/T_GoodSky_clouds_F.uasset" 1589
"C:/Users/emanu/Documents/GitHub/FairyTaleGameJamTeam2/FairyTaleTeam2/Content/GoodSky/Resource/Textures/T_GoodSky_clouds_F.uexp" 1590
"C:/Users/emanu/Documents/GitHub/FairyTaleGameJamTeam2/FairyTaleTeam2/Content/GoodSky/Resource/Textures/T_GoodSky_clouds_A.ubulk" 1591
"C:/Users/emanu/Documents/GitHub/FairyTaleGameJamTeam2/FairyTaleTeam2/Content/GoodSky/Resource/Textures/T_GoodSky_clouds_A.uasset" 1592
"C:/Users/emanu/Documents/GitHub/FairyTaleGameJamTeam2/FairyTaleTeam2/Content/GoodSky/Resource/Textures/T_GoodSky_clouds_A.uexp" 1593
"C:/Users/emanu/Documents/GitHub/FairyTaleGameJamTeam2/FairyTaleTeam2/Content/GoodSky/Resource/Textures/T_GoodSky_clouds_B.ubulk" 1594
"C:/Users/emanu/Documents/GitHub/FairyTaleGameJamTeam2/FairyTaleTeam2/Content/GoodSky/Resource/Textures/T_GoodSky_clouds_B.uasset" 1595
"C:/Users/emanu/Documents/GitHub/FairyTaleGameJamTeam2/FairyTaleTeam2/Content/GoodSky/Resource/Textures/T_GoodSky_clouds_B.uexp" 1596
"C:/Users/emanu/Documents/GitHub/FairyTaleGameJamTeam2/FairyTaleTeam2/Content/GoodSky/Resource/Materials/Material_Function/MF_GoodSky_SkyDomeAlpha.uasset" 1597
"C:/Users/emanu/Documents/GitHub/FairyTaleGameJamTeam2/FairyTaleTeam2/Content/GoodSky/Resource/Materials/Material_Function/MF_GoodSky_SkyDomeAlpha.uexp" 1598
"C:/Users/emanu/Documents/GitHub/FairyTaleGameJamTeam2/FairyTaleTeam2/Content/GoodSky/Resource/Textures/T_GoodSky_clouds_sphere.uasset" 1599
"C:/Users/emanu/Documents/GitHub/FairyTaleGameJamTeam2/FairyTaleTeam2/Content/GoodSky/Resource/Textures/T_GoodSky_clouds_sphere.uexp" 1600
"C:/Users/emanu/Documents/GitHub/FairyTaleGameJamTeam2/FairyTaleTeam2/Content/GoodSky/Resource/Materials/Material_Function/MF_GoodSky_Clouds_Setting.uasset" 1601
"C:/Users/emanu/Documents/GitHub/FairyTaleGameJamTeam2/FairyTaleTeam2/Content/GoodSky/Resource/Materials/Material_Function/MF_GoodSky_Clouds_Setting.uexp" 1602
"C:/Users/emanu/Documents/GitHub/FairyTaleGameJamTeam2/FairyTaleTeam2/Content/GoodSky/Resource/Materials/Material_Function/MF_GoodSky_Global_Setting.uasset" 1603
"C:/Users/emanu/Documents/GitHub/FairyTaleGameJamTeam2/FairyTaleTeam2/Content/GoodSky/Resource/Materials/Material_Function/MF_GoodSky_Global_Setting.uexp" 1604
"C:/Users/emanu/Documents/GitHub/FairyTaleGameJamTeam2/FairyTaleTeam2/Content/GoodSky/Resource/Materials/Material_Function/MF_GoodSky_Time.uasset" 1605
"C:/Users/emanu/Documents/GitHub/FairyTaleGameJamTeam2/FairyTaleTeam2/Content/GoodSky/Resource/Materials/Material_Function/MF_GoodSky_Time.uexp" 1606
"C:/Users/emanu/Documents/GitHub/FairyTaleGameJamTeam2/FairyTaleTeam2/Content/GoodSky/Resource/Materials/Material_Function/MF_GoodSky_Top_Part_Alpha.uasset" 1607
"C:/Users/emanu/Documents/GitHub/FairyTaleGameJamTeam2/FairyTaleTeam2/Content/GoodSky/Resource/Materials/Material_Function/MF_GoodSky_Top_Part_Alpha.uexp" 1608
"../../../Engine/Content/Functions/Engine_MaterialFunctions01/ImageAdjustment/DeriveHDRfromLDR.uasset" 1609
"../../../Engine/Content/Functions/Engine_MaterialFunctions01/ImageAdjustment/DeriveHDRfromLDR.uexp" 1610
"../../../Engine/Content/Functions/Engine_MaterialFunctions01/Texturing/ScaleUVsAroundPoint.uasset" 1611
"../../../Engine/Content/Functions/Engine_MaterialFunctions01/Texturing/ScaleUVsAroundPoint.uexp" 1612
"C:/Users/emanu/Documents/GitHub/FairyTaleGameJamTeam2/FairyTaleTeam2/Content/GoodSky/Resource/Textures/T_GoodSky_Lightning.ubulk" 1613
"C:/Users/emanu/Documents/GitHub/FairyTaleGameJamTeam2/FairyTaleTeam2/Content/GoodSky/Resource/Textures/T_GoodSky_Lightning.uasset" 1614
"C:/Users/emanu/Documents/GitHub/FairyTaleGameJamTeam2/FairyTaleTeam2/Content/GoodSky/Resource/Textures/T_GoodSky_Lightning.uexp" 1615
"C:/Users/emanu/Documents/GitHub/FairyTaleGameJamTeam2/FairyTaleTeam2/Content/GoodSky/Resource/Textures/T_GoodSky_noise_smooth.ubulk" 1616
"C:/Users/emanu/Documents/GitHub/FairyTaleGameJamTeam2/FairyTaleTeam2/Content/GoodSky/Resource/Textures/T_GoodSky_noise_smooth.uasset" 1617
"C:/Users/emanu/Documents/GitHub/FairyTaleGameJamTeam2/FairyTaleTeam2/Content/GoodSky/Resource/Textures/T_GoodSky_noise_smooth.uexp" 1618
"C:/Users/emanu/Documents/GitHub/FairyTaleGameJamTeam2/FairyTaleTeam2/Content/GoodSky/Resource/Materials/Material_Function/MF_GoodSky_LightningFlick.uasset" 1619
"C:/Users/emanu/Documents/GitHub/FairyTaleGameJamTeam2/FairyTaleTeam2/Content/GoodSky/Resource/Materials/Material_Function/MF_GoodSky_LightningFlick.uexp" 1620
"C:/Users/emanu/Documents/GitHub/FairyTaleGameJamTeam2/FairyTaleTeam2/Content/GoodSky/Resource/Materials/M_GoodSky_Storm.uasset" 1621
"C:/Users/emanu/Documents/GitHub/FairyTaleGameJamTeam2/FairyTaleTeam2/Content/GoodSky/Resource/Materials/M_GoodSky_Storm.uexp" 1622
"C:/Users/emanu/Documents/GitHub/FairyTaleGameJamTeam2/FairyTaleTeam2/Content/GoodSky/Resource/Materials/M_GoodSky_Base.uasset" 1623
"C:/Users/emanu/Documents/GitHub/FairyTaleGameJamTeam2/FairyTaleTeam2/Content/GoodSky/Resource/Materials/M_GoodSky_Base.uexp" 1624
"C:/Users/emanu/Documents/GitHub/FairyTaleGameJamTeam2/FairyTaleTeam2/Content/GoodSky/Resource/Mesh/SM_GoodSky_Hemisphere.ubulk" 1625
"C:/Users/emanu/Documents/GitHub/FairyTaleGameJamTeam2/FairyTaleTeam2/Content/GoodSky/Resource/Mesh/SM_GoodSky_Hemisphere.uasset" 1626
"C:/Users/emanu/Documents/GitHub/FairyTaleGameJamTeam2/FairyTaleTeam2/Content/GoodSky/Resource/Mesh/SM_GoodSky_Hemisphere.uexp" 1627
"C:/Users/emanu/Documents/GitHub/FairyTaleGameJamTeam2/FairyTaleTeam2/Content/Level/_GENERATED/emanu/Boolean_06BB4572.ubulk" 1628
"C:/Users/emanu/Documents/GitHub/FairyTaleGameJamTeam2/FairyTaleTeam2/Content/Level/_GENERATED/emanu/Boolean_06BB4572.uasset" 1629
"C:/Users/emanu/Documents/GitHub/FairyTaleGameJamTeam2/FairyTaleTeam2/Content/Level/_GENERATED/emanu/Boolean_06BB4572.uexp" 1630
"C:/Users/emanu/Documents/GitHub/FairyTaleGameJamTeam2/FairyTaleTeam2/Content/Level/_GENERATED/emanu/Boolean_34530AF2.ubulk" 1631
"C:/Users/emanu/Documents/GitHub/FairyTaleGameJamTeam2/FairyTaleTeam2/Content/Level/_GENERATED/emanu/Boolean_34530AF2.uasset" 1632
"C:/Users/emanu/Documents/GitHub/FairyTaleGameJamTeam2/FairyTaleTeam2/Content/Level/_GENERATED/emanu/Boolean_34530AF2.uexp" 1633
"C:/Users/emanu/Documents/GitHub/FairyTaleGameJamTeam2/FairyTaleTeam2/Content/Level/_GENERATED/emanu/Boolean_860CD9D0.ubulk" 1634
"C:/Users/emanu/Documents/GitHub/FairyTaleGameJamTeam2/FairyTaleTeam2/Content/Level/_GENERATED/emanu/Boolean_860CD9D0.uasset" 1635
"C:/Users/emanu/Documents/GitHub/FairyTaleGameJamTeam2/FairyTaleTeam2/Content/Level/_GENERATED/emanu/Boolean_860CD9D0.uexp" 1636
"C:/Users/emanu/Documents/GitHub/FairyTaleGameJamTeam2/FairyTaleTeam2/Content/Level/_GENERATED/emanu/Boolean_C9BAAE27.ubulk" 1637
"C:/Users/emanu/Documents/GitHub/FairyTaleGameJamTeam2/FairyTaleTeam2/Content/Level/_GENERATED/emanu/Boolean_C9BAAE27.uasset" 1638
"C:/Users/emanu/Documents/GitHub/FairyTaleGameJamTeam2/FairyTaleTeam2/Content/Level/_GENERATED/emanu/Boolean_C9BAAE27.uexp" 1639
"C:/Users/emanu/Documents/GitHub/FairyTaleGameJamTeam2/FairyTaleTeam2/Content/Level/_GENERATED/emanu/Boolean_CD58C682.ubulk" 1640
"C:/Users/emanu/Documents/GitHub/FairyTaleGameJamTeam2/FairyTaleTeam2/Content/Level/_GENERATED/emanu/Boolean_CD58C682.uasset" 1641
"C:/Users/emanu/Documents/GitHub/FairyTaleGameJamTeam2/FairyTaleTeam2/Content/Level/_GENERATED/emanu/Boolean_CD58C682.uexp" 1642
"C:/Users/emanu/Documents/GitHub/FairyTaleGameJamTeam2/FairyTaleTeam2/Content/Level/_GENERATED/emanu/Boolean_E5741666.ubulk" 1643
"C:/Users/emanu/Documents/GitHub/FairyTaleGameJamTeam2/FairyTaleTeam2/Content/Level/_GENERATED/emanu/Boolean_E5741666.uasset" 1644
"C:/Users/emanu/Documents/GitHub/FairyTaleGameJamTeam2/FairyTaleTeam2/Content/Level/_GENERATED/emanu/Boolean_E5741666.uexp" 1645
"C:/Users/emanu/Documents/GitHub/FairyTaleGameJamTeam2/FairyTaleTeam2/Content/Level/_GENERATED/emanu/Boolean_EEC83312.ubulk" 1646
"C:/Users/emanu/Documents/GitHub/FairyTaleGameJamTeam2/FairyTaleTeam2/Content/Level/_GENERATED/emanu/Boolean_EEC83312.uasset" 1647
"C:/Users/emanu/Documents/GitHub/FairyTaleGameJamTeam2/FairyTaleTeam2/Content/Level/_GENERATED/emanu/Boolean_EEC83312.uexp" 1648
"C:/Users/emanu/Documents/GitHub/FairyTaleGameJamTeam2/FairyTaleTeam2/Content/Level/_GENERATED/emanu/Box13_6A8DDA47.ubulk" 1649
"C:/Users/emanu/Documents/GitHub/FairyTaleGameJamTeam2/FairyTaleTeam2/Content/Level/_GENERATED/emanu/Box13_6A8DDA47.uasset" 1650
"C:/Users/emanu/Documents/GitHub/FairyTaleGameJamTeam2/FairyTaleTeam2/Content/Level/_GENERATED/emanu/Box13_6A8DDA47.uexp" 1651
"C:/Users/emanu/Documents/GitHub/FairyTaleGameJamTeam2/FairyTaleTeam2/Content/Level/_GENERATED/emanu/Box17_4FFA8CF2.ubulk" 1652
"C:/Users/emanu/Documents/GitHub/FairyTaleGameJamTeam2/FairyTaleTeam2/Content/Level/_GENERATED/emanu/Box17_4FFA8CF2.uasset" 1653
"C:/Users/emanu/Documents/GitHub/FairyTaleGameJamTeam2/FairyTaleTeam2/Content/Level/_GENERATED/emanu/Box17_4FFA8CF2.uexp" 1654
"C:/Users/emanu/Documents/GitHub/FairyTaleGameJamTeam2/FairyTaleTeam2/Content/Level/_GENERATED/emanu/Box2_F3FAEE6A.ubulk" 1655
"C:/Users/emanu/Documents/GitHub/FairyTaleGameJamTeam2/FairyTaleTeam2/Content/Level/_GENERATED/emanu/Box2_F3FAEE6A.uasset" 1656
"C:/Users/emanu/Documents/GitHub/FairyTaleGameJamTeam2/FairyTaleTeam2/Content/Level/_GENERATED/emanu/Box2_F3FAEE6A.uexp" 1657
"C:/Users/emanu/Documents/GitHub/FairyTaleGameJamTeam2/FairyTaleTeam2/Content/Level/_GENERATED/emanu/Box30_23E05AD6.ubulk" 1658
"C:/Users/emanu/Documents/GitHub/FairyTaleGameJamTeam2/FairyTaleTeam2/Content/Level/_GENERATED/emanu/Box30_23E05AD6.uasset" 1659
"C:/Users/emanu/Documents/GitHub/FairyTaleGameJamTeam2/FairyTaleTeam2/Content/Level/_GENERATED/emanu/Box30_23E05AD6.uexp" 1660
"C:/Users/emanu/Documents/GitHub/FairyTaleGameJamTeam2/FairyTaleTeam2/Content/Level/_GENERATED/emanu/Box_168EA3C9.ubulk" 1661
"C:/Users/emanu/Documents/GitHub/FairyTaleGameJamTeam2/FairyTaleTeam2/Content/Level/_GENERATED/emanu/Box_168EA3C9.uasset" 1662
"C:/Users/emanu/Documents/GitHub/FairyTaleGameJamTeam2/FairyTaleTeam2/Content/Level/_GENERATED/emanu/Box_168EA3C9.uexp" 1663
"C:/Users/emanu/Documents/GitHub/FairyTaleGameJamTeam2/FairyTaleTeam2/Content/Level/_GENERATED/emanu/Box_1C873D42.ubulk" 1664
"C:/Users/emanu/Documents/GitHub/FairyTaleGameJamTeam2/FairyTaleTeam2/Content/Level/_GENERATED/emanu/Box_1C873D42.uasset" 1665
"C:/Users/emanu/Documents/GitHub/FairyTaleGameJamTeam2/FairyTaleTeam2/Content/Level/_GENERATED/emanu/Box_1C873D42.uexp" 1666
"C:/Users/emanu/Documents/GitHub/FairyTaleGameJamTeam2/FairyTaleTeam2/Content/Level/_GENERATED/emanu/Box_1D534DCD.ubulk" 1667
"C:/Users/emanu/Documents/GitHub/FairyTaleGameJamTeam2/FairyTaleTeam2/Content/Level/_GENERATED/emanu/Box_1D534DCD.uasset" 1668
"C:/Users/emanu/Documents/GitHub/FairyTaleGameJamTeam2/FairyTaleTeam2/Content/Level/_GENERATED/emanu/Box_1D534DCD.uexp" 1669
"C:/Users/emanu/Documents/GitHub/FairyTaleGameJamTeam2/FairyTaleTeam2/Content/Level/_GENERATED/emanu/Box_22551A21.ubulk" 1670
"C:/Users/emanu/Documents/GitHub/FairyTaleGameJamTeam2/FairyTaleTeam2/Content/Level/_GENERATED/emanu/Box_22551A21.uasset" 1671
"C:/Users/emanu/Documents/GitHub/FairyTaleGameJamTeam2/FairyTaleTeam2/Content/Level/_GENERATED/emanu/Box_22551A21.uexp" 1672
"C:/Users/emanu/Documents/GitHub/FairyTaleGameJamTeam2/FairyTaleTeam2/Content/Level/_GENERATED/emanu/Box_50BE5045.ubulk" 1673
"C:/Users/emanu/Documents/GitHub/FairyTaleGameJamTeam2/FairyTaleTeam2/Content/Level/_GENERATED/emanu/Box_50BE5045.uasset" 1674
"C:/Users/emanu/Documents/GitHub/FairyTaleGameJamTeam2/FairyTaleTeam2/Content/Level/_GENERATED/emanu/Box_50BE5045.uexp" 1675
"C:/Users/emanu/Documents/GitHub/FairyTaleGameJamTeam2/FairyTaleTeam2/Content/Level/_GENERATED/emanu/Box_6E7058F2.ubulk" 1676
"C:/Users/emanu/Documents/GitHub/FairyTaleGameJamTeam2/FairyTaleTeam2/Content/Level/_GENERATED/emanu/Box_6E7058F2.uasset" 1677
"C:/Users/emanu/Documents/GitHub/FairyTaleGameJamTeam2/FairyTaleTeam2/Content/Level/_GENERATED/emanu/Box_6E7058F2.uexp" 1678
"C:/Users/emanu/Documents/GitHub/FairyTaleGameJamTeam2/FairyTaleTeam2/Content/Level/_GENERATED/emanu/Box_6FCB093F.ubulk" 1679
"C:/Users/emanu/Documents/GitHub/FairyTaleGameJamTeam2/FairyTaleTeam2/Content/Level/_GENERATED/emanu/Box_6FCB093F.uasset" 1680
"C:/Users/emanu/Documents/GitHub/FairyTaleGameJamTeam2/FairyTaleTeam2/Content/Level/_GENERATED/emanu/Box_6FCB093F.uexp" 1681
"C:/Users/emanu/Documents/GitHub/FairyTaleGameJamTeam2/FairyTaleTeam2/Content/Level/_GENERATED/emanu/Box_776F36D5.ubulk" 1682
"C:/Users/emanu/Documents/GitHub/FairyTaleGameJamTeam2/FairyTaleTeam2/Content/Level/_GENERATED/emanu/Box_776F36D5.uasset" 1683
"C:/Users/emanu/Documents/GitHub/FairyTaleGameJamTeam2/FairyTaleTeam2/Content/Level/_GENERATED/emanu/Box_776F36D5.uexp" 1684
"C:/Users/emanu/Documents/GitHub/FairyTaleGameJamTeam2/FairyTaleTeam2/Content/Level/_GENERATED/emanu/Box_7FB2A46D.ubulk" 1685
"C:/Users/emanu/Documents/GitHub/FairyTaleGameJamTeam2/FairyTaleTeam2/Content/Level/_GENERATED/emanu/Box_7FB2A46D.uasset" 1686
"C:/Users/emanu/Documents/GitHub/FairyTaleGameJamTeam2/FairyTaleTeam2/Content/Level/_GENERATED/emanu/Box_7FB2A46D.uexp" 1687
"C:/Users/emanu/Documents/GitHub/FairyTaleGameJamTeam2/FairyTaleTeam2/Content/Level/_GENERATED/emanu/Box_8236AEE4.ubulk" 1688
"C:/Users/emanu/Documents/GitHub/FairyTaleGameJamTeam2/FairyTaleTeam2/Content/Level/_GENERATED/emanu/Box_8236AEE4.uasset" 1689
"C:/Users/emanu/Documents/GitHub/FairyTaleGameJamTeam2/FairyTaleTeam2/Content/Level/_GENERATED/emanu/Box_8236AEE4.uexp" 1690
"C:/Users/emanu/Documents/GitHub/FairyTaleGameJamTeam2/FairyTaleTeam2/Content/Level/_GENERATED/emanu/Box_8440E6F5.ubulk" 1691
"C:/Users/emanu/Documents/GitHub/FairyTaleGameJamTeam2/FairyTaleTeam2/Content/Level/_GENERATED/emanu/Box_8440E6F5.uasset" 1692
"C:/Users/emanu/Documents/GitHub/FairyTaleGameJamTeam2/FairyTaleTeam2/Content/Level/_GENERATED/emanu/Box_8440E6F5.uexp" 1693
"C:/Users/emanu/Documents/GitHub/FairyTaleGameJamTeam2/FairyTaleTeam2/Content/Level/_GENERATED/emanu/Box_96E9EBAA.ubulk" 1694
"C:/Users/emanu/Documents/GitHub/FairyTaleGameJamTeam2/FairyTaleTeam2/Content/Level/_GENERATED/emanu/Box_96E9EBAA.uasset" 1695
"C:/Users/emanu/Documents/GitHub/FairyTaleGameJamTeam2/FairyTaleTeam2/Content/Level/_GENERATED/emanu/Box_96E9EBAA.uexp" 1696
"C:/Users/emanu/Documents/GitHub/FairyTaleGameJamTeam2/FairyTaleTeam2/Content/Level/_GENERATED/emanu/Box_A161714B.ubulk" 1697
"C:/Users/emanu/Documents/GitHub/FairyTaleGameJamTeam2/FairyTaleTeam2/Content/Level/_GENERATED/emanu/Box_A161714B.uasset" 1698
"C:/Users/emanu/Documents/GitHub/FairyTaleGameJamTeam2/FairyTaleTeam2/Content/Level/_GENERATED/emanu/Box_A161714B.uexp" 1699
"C:/Users/emanu/Documents/GitHub/FairyTaleGameJamTeam2/FairyTaleTeam2/Content/Level/_GENERATED/emanu/Box_B9652E86.ubulk" 1700
"C:/Users/emanu/Documents/GitHub/FairyTaleGameJamTeam2/FairyTaleTeam2/Content/Level/_GENERATED/emanu/Box_B9652E86.uasset" 1701
"C:/Users/emanu/Documents/GitHub/FairyTaleGameJamTeam2/FairyTaleTeam2/Content/Level/_GENERATED/emanu/Box_B9652E86.uexp" 1702
"C:/Users/emanu/Documents/GitHub/FairyTaleGameJamTeam2/FairyTaleTeam2/Content/Level/_GENERATED/emanu/Box_C72F0F7F.ubulk" 1703
"C:/Users/emanu/Documents/GitHub/FairyTaleGameJamTeam2/FairyTaleTeam2/Content/Level/_GENERATED/emanu/Box_C72F0F7F.uasset" 1704
"C:/Users/emanu/Documents/GitHub/FairyTaleGameJamTeam2/FairyTaleTeam2/Content/Level/_GENERATED/emanu/Box_C72F0F7F.uexp" 1705
"C:/Users/emanu/Documents/GitHub/FairyTaleGameJamTeam2/FairyTaleTeam2/Content/Level/_GENERATED/emanu/Box_C9B4D03E.ubulk" 1706
"C:/Users/emanu/Documents/GitHub/FairyTaleGameJamTeam2/FairyTaleTeam2/Content/Level/_GENERATED/emanu/Box_C9B4D03E.uasset" 1707
"C:/Users/emanu/Documents/GitHub/FairyTaleGameJamTeam2/FairyTaleTeam2/Content/Level/_GENERATED/emanu/Box_C9B4D03E.uexp" 1708
"C:/Users/emanu/Documents/GitHub/FairyTaleGameJamTeam2/FairyTaleTeam2/Content/Level/_GENERATED/emanu/Box_CACA084A.ubulk" 1709
"C:/Users/emanu/Documents/GitHub/FairyTaleGameJamTeam2/FairyTaleTeam2/Content/Level/_GENERATED/emanu/Box_CACA084A.uasset" 1710
"C:/Users/emanu/Documents/GitHub/FairyTaleGameJamTeam2/FairyTaleTeam2/Content/Level/_GENERATED/emanu/Box_CACA084A.uexp" 1711
"C:/Users/emanu/Documents/GitHub/FairyTaleGameJamTeam2/FairyTaleTeam2/Content/Level/_GENERATED/emanu/Box_D676DE5A.ubulk" 1712
"C:/Users/emanu/Documents/GitHub/FairyTaleGameJamTeam2/FairyTaleTeam2/Content/Level/_GENERATED/emanu/Box_D676DE5A.uasset" 1713
"C:/Users/emanu/Documents/GitHub/FairyTaleGameJamTeam2/FairyTaleTeam2/Content/Level/_GENERATED/emanu/Box_D676DE5A.uexp" 1714
"C:/Users/emanu/Documents/GitHub/FairyTaleGameJamTeam2/FairyTaleTeam2/Content/Level/_GENERATED/emanu/Box_EC7921B4.ubulk" 1715
"C:/Users/emanu/Documents/GitHub/FairyTaleGameJamTeam2/FairyTaleTeam2/Content/Level/_GENERATED/emanu/Box_EC7921B4.uasset" 1716
"C:/Users/emanu/Documents/GitHub/FairyTaleGameJamTeam2/FairyTaleTeam2/Content/Level/_GENERATED/emanu/Box_EC7921B4.uexp" 1717
"C:/Users/emanu/Documents/GitHub/FairyTaleGameJamTeam2/FairyTaleTeam2/Content/Level/_GENERATED/emanu/Box_F44A86C4.ubulk" 1718
"C:/Users/emanu/Documents/GitHub/FairyTaleGameJamTeam2/FairyTaleTeam2/Content/Level/_GENERATED/emanu/Box_F44A86C4.uasset" 1719
"C:/Users/emanu/Documents/GitHub/FairyTaleGameJamTeam2/FairyTaleTeam2/Content/Level/_GENERATED/emanu/Box_F44A86C4.uexp" 1720
"C:/Users/emanu/Documents/GitHub/FairyTaleGameJamTeam2/FairyTaleTeam2/Content/Level/_GENERATED/emanu/Box_F602BA5E.ubulk" 1721
"C:/Users/emanu/Documents/GitHub/FairyTaleGameJamTeam2/FairyTaleTeam2/Content/Level/_GENERATED/emanu/Box_F602BA5E.uasset" 1722
"C:/Users/emanu/Documents/GitHub/FairyTaleGameJamTeam2/FairyTaleTeam2/Content/Level/_GENERATED/emanu/Box_F602BA5E.uexp" 1723
"C:/Users/emanu/Documents/GitHub/FairyTaleGameJamTeam2/FairyTaleTeam2/Content/Level/_GENERATED/emanu/Box_FAD49A97.ubulk" 1724
"C:/Users/emanu/Documents/GitHub/FairyTaleGameJamTeam2/FairyTaleTeam2/Content/Level/_GENERATED/emanu/Box_FAD49A97.uasset" 1725
"C:/Users/emanu/Documents/GitHub/FairyTaleGameJamTeam2/FairyTaleTeam2/Content/Level/_GENERATED/emanu/Box_FAD49A97.uexp" 1726
"C:/Users/emanu/Documents/GitHub/FairyTaleGameJamTeam2/FairyTaleTeam2/Content/Level/_GENERATED/emanu/window_with_Glass10_FFC01D5D.ubulk" 1727
"C:/Users/emanu/Documents/GitHub/FairyTaleGameJamTeam2/FairyTaleTeam2/Content/Level/_GENERATED/emanu/window_with_Glass10_FFC01D5D.uasset" 1728
"C:/Users/emanu/Documents/GitHub/FairyTaleGameJamTeam2/FairyTaleTeam2/Content/Level/_GENERATED/emanu/window_with_Glass10_FFC01D5D.uexp" 1729
"C:/Users/emanu/Documents/GitHub/FairyTaleGameJamTeam2/FairyTaleTeam2/Content/Level/_GENERATED/emanu/window_with_Glass11_5267EF68.ubulk" 1730
"C:/Users/emanu/Documents/GitHub/FairyTaleGameJamTeam2/FairyTaleTeam2/Content/Level/_GENERATED/emanu/window_with_Glass11_5267EF68.uasset" 1731
"C:/Users/emanu/Documents/GitHub/FairyTaleGameJamTeam2/FairyTaleTeam2/Content/Level/_GENERATED/emanu/window_with_Glass11_5267EF68.uexp" 1732
"C:/Users/emanu/Documents/GitHub/FairyTaleGameJamTeam2/FairyTaleTeam2/Content/Level/_GENERATED/emanu/window_with_Glass12_6B08CC1D.ubulk" 1733
"C:/Users/emanu/Documents/GitHub/FairyTaleGameJamTeam2/FairyTaleTeam2/Content/Level/_GENERATED/emanu/window_with_Glass12_6B08CC1D.uasset" 1734
"C:/Users/emanu/Documents/GitHub/FairyTaleGameJamTeam2/FairyTaleTeam2/Content/Level/_GENERATED/emanu/window_with_Glass12_6B08CC1D.uexp" 1735
"C:/Users/emanu/Documents/GitHub/FairyTaleGameJamTeam2/FairyTaleTeam2/Content/Level/_GENERATED/emanu/window_with_Glass13_04E23F5B.ubulk" 1736
"C:/Users/emanu/Documents/GitHub/FairyTaleGameJamTeam2/FairyTaleTeam2/Content/Level/_GENERATED/emanu/window_with_Glass13_04E23F5B.uasset" 1737
"C:/Users/emanu/Documents/GitHub/FairyTaleGameJamTeam2/FairyTaleTeam2/Content/Level/_GENERATED/emanu/window_with_Glass13_04E23F5B.uexp" 1738
"C:/Users/emanu/Documents/GitHub/FairyTaleGameJamTeam2/FairyTaleTeam2/Content/Level/_GENERATED/emanu/window_with_Glass14_043B4793.ubulk" 1739
"C:/Users/emanu/Documents/GitHub/FairyTaleGameJamTeam2/FairyTaleTeam2/Content/Level/_GENERATED/emanu/window_with_Glass14_043B4793.uasset" 1740
"C:/Users/emanu/Documents/GitHub/FairyTaleGameJamTeam2/FairyTaleTeam2/Content/Level/_GENERATED/emanu/window_with_Glass14_043B4793.uexp" 1741
"C:/Users/emanu/Documents/GitHub/FairyTaleGameJamTeam2/FairyTaleTeam2/Content/Level/_GENERATED/emanu/window_with_Glass15_D1B46833.ubulk" 1742
"C:/Users/emanu/Documents/GitHub/FairyTaleGameJamTeam2/FairyTaleTeam2/Content/Level/_GENERATED/emanu/window_with_Glass15_D1B46833.uasset" 1743
"C:/Users/emanu/Documents/GitHub/FairyTaleGameJamTeam2/FairyTaleTeam2/Content/Level/_GENERATED/emanu/window_with_Glass15_D1B46833.uexp" 1744
"C:/Users/emanu/Documents/GitHub/FairyTaleGameJamTeam2/FairyTaleTeam2/Content/Level/_GENERATED/emanu/window_with_Glass16_937B2566.ubulk" 1745
"C:/Users/emanu/Documents/GitHub/FairyTaleGameJamTeam2/FairyTaleTeam2/Content/Level/_GENERATED/emanu/window_with_Glass16_937B2566.uasset" 1746
"C:/Users/emanu/Documents/GitHub/FairyTaleGameJamTeam2/FairyTaleTeam2/Content/Level/_GENERATED/emanu/window_with_Glass16_937B2566.uexp" 1747
"C:/Users/emanu/Documents/GitHub/FairyTaleGameJamTeam2/FairyTaleTeam2/Content/Level/_GENERATED/emanu/window_with_Glass17_68D6D79C.ubulk" 1748
"C:/Users/emanu/Documents/GitHub/FairyTaleGameJamTeam2/FairyTaleTeam2/Content/Level/_GENERATED/emanu/window_with_Glass17_68D6D79C.uasset" 1749
"C:/Users/emanu/Documents/GitHub/FairyTaleGameJamTeam2/FairyTaleTeam2/Content/Level/_GENERATED/emanu/window_with_Glass17_68D6D79C.uexp" 1750
"C:/Users/emanu/Documents/GitHub/FairyTaleGameJamTeam2/FairyTaleTeam2/Content/Level/_GENERATED/emanu/window_with_Glass18_1B5537AC.ubulk" 1751
"C:/Users/emanu/Documents/GitHub/FairyTaleGameJamTeam2/FairyTaleTeam2/Content/Level/_GENERATED/emanu/window_with_Glass18_1B5537AC.uasset" 1752
"C:/Users/emanu/Documents/GitHub/FairyTaleGameJamTeam2/FairyTaleTeam2/Content/Level/_GENERATED/emanu/window_with_Glass18_1B5537AC.uexp" 1753
"C:/Users/emanu/Documents/GitHub/FairyTaleGameJamTeam2/FairyTaleTeam2/Content/Level/_GENERATED/emanu/window_with_Glass19_29C9C966.ubulk" 1754
"C:/Users/emanu/Documents/GitHub/FairyTaleGameJamTeam2/FairyTaleTeam2/Content/Level/_GENERATED/emanu/window_with_Glass19_29C9C966.uasset" 1755
"C:/Users/emanu/Documents/GitHub/FairyTaleGameJamTeam2/FairyTaleTeam2/Content/Level/_GENERATED/emanu/window_with_Glass19_29C9C966.uexp" 1756
"C:/Users/emanu/Documents/GitHub/FairyTaleGameJamTeam2/FairyTaleTeam2/Content/Level/_GENERATED/emanu/window_with_Glass20_338EF9AB.ubulk" 1757
"C:/Users/emanu/Documents/GitHub/FairyTaleGameJamTeam2/FairyTaleTeam2/Content/Level/_GENERATED/emanu/window_with_Glass20_338EF9AB.uasset" 1758
"C:/Users/emanu/Documents/GitHub/FairyTaleGameJamTeam2/FairyTaleTeam2/Content/Level/_GENERATED/emanu/window_with_Glass20_338EF9AB.uexp" 1759
"C:/Users/emanu/Documents/GitHub/FairyTaleGameJamTeam2/FairyTaleTeam2/Content/Level/_GENERATED/emanu/window_with_Glass2_389E292A.ubulk" 1760
"C:/Users/emanu/Documents/GitHub/FairyTaleGameJamTeam2/FairyTaleTeam2/Content/Level/_GENERATED/emanu/window_with_Glass2_389E292A.uasset" 1761
"C:/Users/emanu/Documents/GitHub/FairyTaleGameJamTeam2/FairyTaleTeam2/Content/Level/_GENERATED/emanu/window_with_Glass2_389E292A.uexp" 1762
"C:/Users/emanu/Documents/GitHub/FairyTaleGameJamTeam2/FairyTaleTeam2/Content/Level/_GENERATED/emanu/window_with_Glass3_E3FB2D10.ubulk" 1763
"C:/Users/emanu/Documents/GitHub/FairyTaleGameJamTeam2/FairyTaleTeam2/Content/Level/_GENERATED/emanu/window_with_Glass3_E3FB2D10.uasset" 1764
"C:/Users/emanu/Documents/GitHub/FairyTaleGameJamTeam2/FairyTaleTeam2/Content/Level/_GENERATED/emanu/window_with_Glass3_E3FB2D10.uexp" 1765
"C:/Users/emanu/Documents/GitHub/FairyTaleGameJamTeam2/FairyTaleTeam2/Content/Level/_GENERATED/emanu/window_with_Glass4_19C30834.ubulk" 1766
"C:/Users/emanu/Documents/GitHub/FairyTaleGameJamTeam2/FairyTaleTeam2/Content/Level/_GENERATED/emanu/window_with_Glass4_19C30834.uasset" 1767
"C:/Users/emanu/Documents/GitHub/FairyTaleGameJamTeam2/FairyTaleTeam2/Content/Level/_GENERATED/emanu/window_with_Glass4_19C30834.uexp" 1768
"C:/Users/emanu/Documents/GitHub/FairyTaleGameJamTeam2/FairyTaleTeam2/Content/Level/_GENERATED/emanu/window_with_Glass5_557E3CCC.ubulk" 1769
"C:/Users/emanu/Documents/GitHub/FairyTaleGameJamTeam2/FairyTaleTeam2/Content/Level/_GENERATED/emanu/window_with_Glass5_557E3CCC.uasset" 1770
"C:/Users/emanu/Documents/GitHub/FairyTaleGameJamTeam2/FairyTaleTeam2/Content/Level/_GENERATED/emanu/window_with_Glass5_557E3CCC.uexp" 1771
"C:/Users/emanu/Documents/GitHub/FairyTaleGameJamTeam2/FairyTaleTeam2/Content/Level/_GENERATED/emanu/window_with_Glass6_6DCA43EC.ubulk" 1772
"C:/Users/emanu/Documents/GitHub/FairyTaleGameJamTeam2/FairyTaleTeam2/Content/Level/_GENERATED/emanu/window_with_Glass6_6DCA43EC.uasset" 1773
"C:/Users/emanu/Documents/GitHub/FairyTaleGameJamTeam2/FairyTaleTeam2/Content/Level/_GENERATED/emanu/window_with_Glass6_6DCA43EC.uexp" 1774
"C:/Users/emanu/Documents/GitHub/FairyTaleGameJamTeam2/FairyTaleTeam2/Content/Level/_GENERATED/emanu/window_with_Glass7_DFA78CE0.ubulk" 1775
"C:/Users/emanu/Documents/GitHub/FairyTaleGameJamTeam2/FairyTaleTeam2/Content/Level/_GENERATED/emanu/window_with_Glass7_DFA78CE0.uasset" 1776
"C:/Users/emanu/Documents/GitHub/FairyTaleGameJamTeam2/FairyTaleTeam2/Content/Level/_GENERATED/emanu/window_with_Glass7_DFA78CE0.uexp" 1777
"C:/Users/emanu/Documents/GitHub/FairyTaleGameJamTeam2/FairyTaleTeam2/Content/Level/_GENERATED/emanu/window_with_Glass8_A913DF5F.ubulk" 1778
"C:/Users/emanu/Documents/GitHub/FairyTaleGameJamTeam2/FairyTaleTeam2/Content/Level/_GENERATED/emanu/window_with_Glass8_A913DF5F.uasset" 1779
"C:/Users/emanu/Documents/GitHub/FairyTaleGameJamTeam2/FairyTaleTeam2/Content/Level/_GENERATED/emanu/window_with_Glass8_A913DF5F.uexp" 1780
"C:/Users/emanu/Documents/GitHub/FairyTaleGameJamTeam2/FairyTaleTeam2/Content/Level/_GENERATED/emanu/window_with_Glass9_ADD1F45B.ubulk" 1781
"C:/Users/emanu/Documents/GitHub/FairyTaleGameJamTeam2/FairyTaleTeam2/Content/Level/_GENERATED/emanu/window_with_Glass9_ADD1F45B.uasset" 1782
"C:/Users/emanu/Documents/GitHub/FairyTaleGameJamTeam2/FairyTaleTeam2/Content/Level/_GENERATED/emanu/window_with_Glass9_ADD1F45B.uexp" 1783
"C:/Users/emanu/Documents/GitHub/FairyTaleGameJamTeam2/FairyTaleTeam2/Content/Level/_GENERATED/emanu/window_with_Glass_E8B8D93E.ubulk" 1784
"C:/Users/emanu/Documents/GitHub/FairyTaleGameJamTeam2/FairyTaleTeam2/Content/Level/_GENERATED/emanu/window_with_Glass_E8B8D93E.uasset" 1785
"C:/Users/emanu/Documents/GitHub/FairyTaleGameJamTeam2/FairyTaleTeam2/Content/Level/_GENERATED/emanu/window_with_Glass_E8B8D93E.uexp" 1786
"../../../Engine/Plugins/Interchange/Assets/Content/gltf/MaterialInstances/MI_Default_Opaque.uasset" 1787
"../../../Engine/Plugins/Interchange/Assets/Content/gltf/MaterialInstances/MI_Default_Opaque.uexp" 1788
"C:/Users/emanu/Documents/GitHub/FairyTaleGameJamTeam2/FairyTaleTeam2/Content/Fab/Medieval_Bed/scene/Textures/Bed_001_baseColor.ubulk" 1789
"C:/Users/emanu/Documents/GitHub/FairyTaleGameJamTeam2/FairyTaleTeam2/Content/Fab/Medieval_Bed/scene/Textures/Bed_001_baseColor.uasset" 1790
"C:/Users/emanu/Documents/GitHub/FairyTaleGameJamTeam2/FairyTaleTeam2/Content/Fab/Medieval_Bed/scene/Textures/Bed_001_baseColor.uexp" 1791
"C:/Users/emanu/Documents/GitHub/FairyTaleGameJamTeam2/FairyTaleTeam2/Content/Fab/Medieval_Bed/scene/Textures/Bed_001_metallicRoughness.ubulk" 1792
"C:/Users/emanu/Documents/GitHub/FairyTaleGameJamTeam2/FairyTaleTeam2/Content/Fab/Medieval_Bed/scene/Textures/Bed_001_metallicRoughness.uasset" 1793
"C:/Users/emanu/Documents/GitHub/FairyTaleGameJamTeam2/FairyTaleTeam2/Content/Fab/Medieval_Bed/scene/Textures/Bed_001_metallicRoughness.uexp" 1794
"C:/Users/emanu/Documents/GitHub/FairyTaleGameJamTeam2/FairyTaleTeam2/Content/Fab/Medieval_Bed/scene/Textures/Bed_001_normal.ubulk" 1795
"C:/Users/emanu/Documents/GitHub/FairyTaleGameJamTeam2/FairyTaleTeam2/Content/Fab/Medieval_Bed/scene/Textures/Bed_001_normal.uasset" 1796
"C:/Users/emanu/Documents/GitHub/FairyTaleGameJamTeam2/FairyTaleTeam2/Content/Fab/Medieval_Bed/scene/Textures/Bed_001_normal.uexp" 1797
"C:/Users/emanu/Documents/GitHub/FairyTaleGameJamTeam2/FairyTaleTeam2/Content/Fab/Medieval_Bed/scene/Materials/Bed_001.uasset" 1798
"C:/Users/emanu/Documents/GitHub/FairyTaleGameJamTeam2/FairyTaleTeam2/Content/Fab/Medieval_Bed/scene/Materials/Bed_001.uexp" 1799
"C:/Users/emanu/Documents/GitHub/FairyTaleGameJamTeam2/FairyTaleTeam2/Content/Fab/Medieval_Bed/scene/StaticMeshes/scene.ubulk" 1800
"C:/Users/emanu/Documents/GitHub/FairyTaleGameJamTeam2/FairyTaleTeam2/Content/Fab/Medieval_Bed/scene/StaticMeshes/scene.uasset" 1801
"C:/Users/emanu/Documents/GitHub/FairyTaleGameJamTeam2/FairyTaleTeam2/Content/Fab/Medieval_Bed/scene/StaticMeshes/scene.uexp" 1802
"../../../Engine/Plugins/Interchange/Assets/Content/gltf/MaterialInstances/MI_Default_Opaque_DS.uasset" 1803
"../../../Engine/Plugins/Interchange/Assets/Content/gltf/MaterialInstances/MI_Default_Opaque_DS.uexp" 1804
"C:/Users/emanu/Documents/GitHub/FairyTaleGameJamTeam2/FairyTaleTeam2/Content/Fab/Medieval_Torch/medieval_torch/Textures/medieval_torch_texture_0.ubulk" 1805
"C:/Users/emanu/Documents/GitHub/FairyTaleGameJamTeam2/FairyTaleTeam2/Content/Fab/Medieval_Torch/medieval_torch/Textures/medieval_torch_texture_0.uasset" 1806
"C:/Users/emanu/Documents/GitHub/FairyTaleGameJamTeam2/FairyTaleTeam2/Content/Fab/Medieval_Torch/medieval_torch/Textures/medieval_torch_texture_0.uexp" 1807
"C:/Users/emanu/Documents/GitHub/FairyTaleGameJamTeam2/FairyTaleTeam2/Content/Fab/Medieval_Torch/medieval_torch/Textures/medieval_torch_texture_1.ubulk" 1808
"C:/Users/emanu/Documents/GitHub/FairyTaleGameJamTeam2/FairyTaleTeam2/Content/Fab/Medieval_Torch/medieval_torch/Textures/medieval_torch_texture_1.uasset" 1809
"C:/Users/emanu/Documents/GitHub/FairyTaleGameJamTeam2/FairyTaleTeam2/Content/Fab/Medieval_Torch/medieval_torch/Textures/medieval_torch_texture_1.uexp" 1810
"C:/Users/emanu/Documents/GitHub/FairyTaleGameJamTeam2/FairyTaleTeam2/Content/Fab/Medieval_Torch/medieval_torch/Textures/medieval_torch_texture_2.ubulk" 1811
"C:/Users/emanu/Documents/GitHub/FairyTaleGameJamTeam2/FairyTaleTeam2/Content/Fab/Medieval_Torch/medieval_torch/Textures/medieval_torch_texture_2.uasset" 1812
"C:/Users/emanu/Documents/GitHub/FairyTaleGameJamTeam2/FairyTaleTeam2/Content/Fab/Medieval_Torch/medieval_torch/Textures/medieval_torch_texture_2.uexp" 1813
"C:/Users/emanu/Documents/GitHub/FairyTaleGameJamTeam2/FairyTaleTeam2/Content/Fab/Medieval_Torch/medieval_torch/Materials/Torch.uasset" 1814
"C:/Users/emanu/Documents/GitHub/FairyTaleGameJamTeam2/FairyTaleTeam2/Content/Fab/Medieval_Torch/medieval_torch/Materials/Torch.uexp" 1815
"C:/Users/emanu/Documents/GitHub/FairyTaleGameJamTeam2/FairyTaleTeam2/Content/Fab/Medieval_Torch/medieval_torch/StaticMeshes/medieval_torch.ubulk" 1816
"C:/Users/emanu/Documents/GitHub/FairyTaleGameJamTeam2/FairyTaleTeam2/Content/Fab/Medieval_Torch/medieval_torch/StaticMeshes/medieval_torch.uasset" 1817
"C:/Users/emanu/Documents/GitHub/FairyTaleGameJamTeam2/FairyTaleTeam2/Content/Fab/Medieval_Torch/medieval_torch/StaticMeshes/medieval_torch.uexp" 1818
"C:/Users/emanu/Documents/GitHub/FairyTaleGameJamTeam2/FairyTaleTeam2/Content/Fab/Simple_candle_in_candle_holder/simple_candle_in_candle_holder/Textures/simple_candle_in_candle_holder_texture_0.ubulk" 1819
"C:/Users/emanu/Documents/GitHub/FairyTaleGameJamTeam2/FairyTaleTeam2/Content/Fab/Simple_candle_in_candle_holder/simple_candle_in_candle_holder/Textures/simple_candle_in_candle_holder_texture_0.uasset" 1820
"C:/Users/emanu/Documents/GitHub/FairyTaleGameJamTeam2/FairyTaleTeam2/Content/Fab/Simple_candle_in_candle_holder/simple_candle_in_candle_holder/Textures/simple_candle_in_candle_holder_texture_0.uexp" 1821
"C:/Users/emanu/Documents/GitHub/FairyTaleGameJamTeam2/FairyTaleTeam2/Content/Fab/Simple_candle_in_candle_holder/simple_candle_in_candle_holder/Textures/simple_candle_in_candle_holder_texture_1.ubulk" 1822
"C:/Users/emanu/Documents/GitHub/FairyTaleGameJamTeam2/FairyTaleTeam2/Content/Fab/Simple_candle_in_candle_holder/simple_candle_in_candle_holder/Textures/simple_candle_in_candle_holder_texture_1.uasset" 1823
"C:/Users/emanu/Documents/GitHub/FairyTaleGameJamTeam2/FairyTaleTeam2/Content/Fab/Simple_candle_in_candle_holder/simple_candle_in_candle_holder/Textures/simple_candle_in_candle_holder_texture_1.uexp" 1824
"C:/Users/emanu/Documents/GitHub/FairyTaleGameJamTeam2/FairyTaleTeam2/Content/Fab/Simple_candle_in_candle_holder/simple_candle_in_candle_holder/Materials/Bottom.uasset" 1825
"C:/Users/emanu/Documents/GitHub/FairyTaleGameJamTeam2/FairyTaleTeam2/Content/Fab/Simple_candle_in_candle_holder/simple_candle_in_candle_holder/Materials/Bottom.uexp" 1826
"C:/Users/emanu/Documents/GitHub/FairyTaleGameJamTeam2/FairyTaleTeam2/Content/Fab/Simple_candle_in_candle_holder/simple_candle_in_candle_holder/Textures/simple_candle_in_candle_holder_texture_2.ubulk" 1827
"C:/Users/emanu/Documents/GitHub/FairyTaleGameJamTeam2/FairyTaleTeam2/Content/Fab/Simple_candle_in_candle_holder/simple_candle_in_candle_holder/Textures/simple_candle_in_candle_holder_texture_2.uasset" 1828
"C:/Users/emanu/Documents/GitHub/FairyTaleGameJamTeam2/FairyTaleTeam2/Content/Fab/Simple_candle_in_candle_holder/simple_candle_in_candle_holder/Textures/simple_candle_in_candle_holder_texture_2.uexp" 1829
"C:/Users/emanu/Documents/GitHub/FairyTaleGameJamTeam2/FairyTaleTeam2/Content/Fab/Simple_candle_in_candle_holder/simple_candle_in_candle_holder/Textures/simple_candle_in_candle_holder_texture_3.ubulk" 1830
"C:/Users/emanu/Documents/GitHub/FairyTaleGameJamTeam2/FairyTaleTeam2/Content/Fab/Simple_candle_in_candle_holder/simple_candle_in_candle_holder/Textures/simple_candle_in_candle_holder_texture_3.uasset" 1831
"C:/Users/emanu/Documents/GitHub/FairyTaleGameJamTeam2/FairyTaleTeam2/Content/Fab/Simple_candle_in_candle_holder/simple_candle_in_candle_holder/Textures/simple_candle_in_candle_holder_texture_3.uexp" 1832
"C:/Users/emanu/Documents/GitHub/FairyTaleGameJamTeam2/FairyTaleTeam2/Content/Fab/Simple_candle_in_candle_holder/simple_candle_in_candle_holder/Materials/Candle.uasset" 1833
"C:/Users/emanu/Documents/GitHub/FairyTaleGameJamTeam2/FairyTaleTeam2/Content/Fab/Simple_candle_in_candle_holder/simple_candle_in_candle_holder/Materials/Candle.uexp" 1834
"../../../Engine/Plugins/Interchange/Assets/Content/gltf/MaterialInstances/MI_Default_Blend_DS.uasset" 1835
"../../../Engine/Plugins/Interchange/Assets/Content/gltf/MaterialInstances/MI_Default_Blend_DS.uexp" 1836
"C:/Users/emanu/Documents/GitHub/FairyTaleGameJamTeam2/FairyTaleTeam2/Content/Fab/Simple_candle_in_candle_holder/simple_candle_in_candle_holder/Textures/simple_candle_in_candle_holder_texture_4.ubulk" 1837
"C:/Users/emanu/Documents/GitHub/FairyTaleGameJamTeam2/FairyTaleTeam2/Content/Fab/Simple_candle_in_candle_holder/simple_candle_in_candle_holder/Textures/simple_candle_in_candle_holder_texture_4.uasset" 1838
"C:/Users/emanu/Documents/GitHub/FairyTaleGameJamTeam2/FairyTaleTeam2/Content/Fab/Simple_candle_in_candle_holder/simple_candle_in_candle_holder/Textures/simple_candle_in_candle_holder_texture_4.uexp" 1839
"C:/Users/emanu/Documents/GitHub/FairyTaleGameJamTeam2/FairyTaleTeam2/Content/Fab/Simple_candle_in_candle_holder/simple_candle_in_candle_holder/Textures/simple_candle_in_candle_holder_texture_5.ubulk" 1840
"C:/Users/emanu/Documents/GitHub/FairyTaleGameJamTeam2/FairyTaleTeam2/Content/Fab/Simple_candle_in_candle_holder/simple_candle_in_candle_holder/Textures/simple_candle_in_candle_holder_texture_5.uasset" 1841
"C:/Users/emanu/Documents/GitHub/FairyTaleGameJamTeam2/FairyTaleTeam2/Content/Fab/Simple_candle_in_candle_holder/simple_candle_in_candle_holder/Textures/simple_candle_in_candle_holder_texture_5.uexp" 1842
"C:/Users/emanu/Documents/GitHub/FairyTaleGameJamTeam2/FairyTaleTeam2/Content/Fab/Simple_candle_in_candle_holder/simple_candle_in_candle_holder/Materials/Flame.uasset" 1843
"C:/Users/emanu/Documents/GitHub/FairyTaleGameJamTeam2/FairyTaleTeam2/Content/Fab/Simple_candle_in_candle_holder/simple_candle_in_candle_holder/Materials/Flame.uexp" 1844
"C:/Users/emanu/Documents/GitHub/FairyTaleGameJamTeam2/FairyTaleTeam2/Content/Fab/Simple_candle_in_candle_holder/simple_candle_in_candle_holder/Textures/simple_candle_in_candle_holder_texture_6.ubulk" 1845
"C:/Users/emanu/Documents/GitHub/FairyTaleGameJamTeam2/FairyTaleTeam2/Content/Fab/Simple_candle_in_candle_holder/simple_candle_in_candle_holder/Textures/simple_candle_in_candle_holder_texture_6.uasset" 1846
"C:/Users/emanu/Documents/GitHub/FairyTaleGameJamTeam2/FairyTaleTeam2/Content/Fab/Simple_candle_in_candle_holder/simple_candle_in_candle_holder/Textures/simple_candle_in_candle_holder_texture_6.uexp" 1847
"C:/Users/emanu/Documents/GitHub/FairyTaleGameJamTeam2/FairyTaleTeam2/Content/Fab/Simple_candle_in_candle_holder/simple_candle_in_candle_holder/Textures/simple_candle_in_candle_holder_texture_7.ubulk" 1848
"C:/Users/emanu/Documents/GitHub/FairyTaleGameJamTeam2/FairyTaleTeam2/Content/Fab/Simple_candle_in_candle_holder/simple_candle_in_candle_holder/Textures/simple_candle_in_candle_holder_texture_7.uasset" 1849
"C:/Users/emanu/Documents/GitHub/FairyTaleGameJamTeam2/FairyTaleTeam2/Content/Fab/Simple_candle_in_candle_holder/simple_candle_in_candle_holder/Textures/simple_candle_in_candle_holder_texture_7.uexp" 1850
"C:/Users/emanu/Documents/GitHub/FairyTaleGameJamTeam2/FairyTaleTeam2/Content/Fab/Simple_candle_in_candle_holder/simple_candle_in_candle_holder/Materials/Fuse.uasset" 1851
"C:/Users/emanu/Documents/GitHub/FairyTaleGameJamTeam2/FairyTaleTeam2/Content/Fab/Simple_candle_in_candle_holder/simple_candle_in_candle_holder/Materials/Fuse.uexp" 1852
"C:/Users/emanu/Documents/GitHub/FairyTaleGameJamTeam2/FairyTaleTeam2/Content/Fab/Simple_candle_in_candle_holder/simple_candle_in_candle_holder/Textures/simple_candle_in_candle_holder_texture_8.ubulk" 1853
"C:/Users/emanu/Documents/GitHub/FairyTaleGameJamTeam2/FairyTaleTeam2/Content/Fab/Simple_candle_in_candle_holder/simple_candle_in_candle_holder/Textures/simple_candle_in_candle_holder_texture_8.uasset" 1854
"C:/Users/emanu/Documents/GitHub/FairyTaleGameJamTeam2/FairyTaleTeam2/Content/Fab/Simple_candle_in_candle_holder/simple_candle_in_candle_holder/Textures/simple_candle_in_candle_holder_texture_8.uexp" 1855
"C:/Users/emanu/Documents/GitHub/FairyTaleGameJamTeam2/FairyTaleTeam2/Content/Fab/Simple_candle_in_candle_holder/simple_candle_in_candle_holder/Textures/simple_candle_in_candle_holder_texture_9.ubulk" 1856
"C:/Users/emanu/Documents/GitHub/FairyTaleGameJamTeam2/FairyTaleTeam2/Content/Fab/Simple_candle_in_candle_holder/simple_candle_in_candle_holder/Textures/simple_candle_in_candle_holder_texture_9.uasset" 1857
"C:/Users/emanu/Documents/GitHub/FairyTaleGameJamTeam2/FairyTaleTeam2/Content/Fab/Simple_candle_in_candle_holder/simple_candle_in_candle_holder/Textures/simple_candle_in_candle_holder_texture_9.uexp" 1858
"C:/Users/emanu/Documents/GitHub/FairyTaleGameJamTeam2/FairyTaleTeam2/Content/Fab/Simple_candle_in_candle_holder/simple_candle_in_candle_holder/Materials/Handle_1.uasset" 1859
"C:/Users/emanu/Documents/GitHub/FairyTaleGameJamTeam2/FairyTaleTeam2/Content/Fab/Simple_candle_in_candle_holder/simple_candle_in_candle_holder/Materials/Handle_1.uexp" 1860
"C:/Users/emanu/Documents/GitHub/FairyTaleGameJamTeam2/FairyTaleTeam2/Content/Fab/Simple_candle_in_candle_holder/simple_candle_in_candle_holder/Textures/simple_candle_in_candle_holder_texture_10.ubulk" 1861
"C:/Users/emanu/Documents/GitHub/FairyTaleGameJamTeam2/FairyTaleTeam2/Content/Fab/Simple_candle_in_candle_holder/simple_candle_in_candle_holder/Textures/simple_candle_in_candle_holder_texture_10.uasset" 1862
"C:/Users/emanu/Documents/GitHub/FairyTaleGameJamTeam2/FairyTaleTeam2/Content/Fab/Simple_candle_in_candle_holder/simple_candle_in_candle_holder/Textures/simple_candle_in_candle_holder_texture_10.uexp" 1863
"C:/Users/emanu/Documents/GitHub/FairyTaleGameJamTeam2/FairyTaleTeam2/Content/Fab/Simple_candle_in_candle_holder/simple_candle_in_candle_holder/Textures/simple_candle_in_candle_holder_texture_11.ubulk" 1864
"C:/Users/emanu/Documents/GitHub/FairyTaleGameJamTeam2/FairyTaleTeam2/Content/Fab/Simple_candle_in_candle_holder/simple_candle_in_candle_holder/Textures/simple_candle_in_candle_holder_texture_11.uasset" 1865
"C:/Users/emanu/Documents/GitHub/FairyTaleGameJamTeam2/FairyTaleTeam2/Content/Fab/Simple_candle_in_candle_holder/simple_candle_in_candle_holder/Textures/simple_candle_in_candle_holder_texture_11.uexp" 1866
"C:/Users/emanu/Documents/GitHub/FairyTaleGameJamTeam2/FairyTaleTeam2/Content/Fab/Simple_candle_in_candle_holder/simple_candle_in_candle_holder/Materials/Holder-3.uasset" 1867
"C:/Users/emanu/Documents/GitHub/FairyTaleGameJamTeam2/FairyTaleTeam2/Content/Fab/Simple_candle_in_candle_holder/simple_candle_in_candle_holder/Materials/Holder-3.uexp" 1868
"C:/Users/emanu/Documents/GitHub/FairyTaleGameJamTeam2/FairyTaleTeam2/Content/Fab/Simple_candle_in_candle_holder/simple_candle_in_candle_holder/StaticMeshes/simple_candle_in_candle_holder.ubulk" 1869
"C:/Users/emanu/Documents/GitHub/FairyTaleGameJamTeam2/FairyTaleTeam2/Content/Fab/Simple_candle_in_candle_holder/simple_candle_in_candle_holder/StaticMeshes/simple_candle_in_candle_holder.uasset" 1870
"C:/Users/emanu/Documents/GitHub/FairyTaleGameJamTeam2/FairyTaleTeam2/Content/Fab/Simple_candle_in_candle_holder/simple_candle_in_candle_holder/StaticMeshes/simple_candle_in_candle_holder.uexp" 1871
"C:/Users/emanu/Documents/GitHub/FairyTaleGameJamTeam2/FairyTaleTeam2/Content/Fab/Vintage_SLR_Camera/vintage_slr_camera/Materials/Material.uasset" 1872
"C:/Users/emanu/Documents/GitHub/FairyTaleGameJamTeam2/FairyTaleTeam2/Content/Fab/Vintage_SLR_Camera/vintage_slr_camera/Materials/Material.uexp" 1873
"C:/Users/emanu/Documents/GitHub/FairyTaleGameJamTeam2/FairyTaleTeam2/Content/Fab/Vintage_SLR_Camera/vintage_slr_camera/Materials/Material_001.uasset" 1874
"C:/Users/emanu/Documents/GitHub/FairyTaleGameJamTeam2/FairyTaleTeam2/Content/Fab/Vintage_SLR_Camera/vintage_slr_camera/Materials/Material_001.uexp" 1875
"C:/Users/emanu/Documents/GitHub/FairyTaleGameJamTeam2/FairyTaleTeam2/Content/Fab/Vintage_SLR_Camera/vintage_slr_camera/Materials/Material_002.uasset" 1876
"C:/Users/emanu/Documents/GitHub/FairyTaleGameJamTeam2/FairyTaleTeam2/Content/Fab/Vintage_SLR_Camera/vintage_slr_camera/Materials/Material_002.uexp" 1877
"../../../Engine/Plugins/Interchange/Assets/Content/gltf/MaterialInstances/MI_ClearCoat_Blend_DS.uasset" 1878
"../../../Engine/Plugins/Interchange/Assets/Content/gltf/MaterialInstances/MI_ClearCoat_Blend_DS.uexp" 1879
"C:/Users/emanu/Documents/GitHub/FairyTaleGameJamTeam2/FairyTaleTeam2/Content/Fab/Vintage_SLR_Camera/vintage_slr_camera/Materials/Material_003.uasset" 1880
"C:/Users/emanu/Documents/GitHub/FairyTaleGameJamTeam2/FairyTaleTeam2/Content/Fab/Vintage_SLR_Camera/vintage_slr_camera/Materials/Material_003.uexp" 1881
"C:/Users/emanu/Documents/GitHub/FairyTaleGameJamTeam2/FairyTaleTeam2/Content/Fab/Vintage_SLR_Camera/vintage_slr_camera/Materials/Material_004.uasset" 1882
"C:/Users/emanu/Documents/GitHub/FairyTaleGameJamTeam2/FairyTaleTeam2/Content/Fab/Vintage_SLR_Camera/vintage_slr_camera/Materials/Material_004.uexp" 1883
"C:/Users/emanu/Documents/GitHub/FairyTaleGameJamTeam2/FairyTaleTeam2/Content/Fab/Vintage_SLR_Camera/vintage_slr_camera/StaticMeshes/vintage_slr_camera.ubulk" 1884
"C:/Users/emanu/Documents/GitHub/FairyTaleGameJamTeam2/FairyTaleTeam2/Content/Fab/Vintage_SLR_Camera/vintage_slr_camera/StaticMeshes/vintage_slr_camera.uasset" 1885
"C:/Users/emanu/Documents/GitHub/FairyTaleGameJamTeam2/FairyTaleTeam2/Content/Fab/Vintage_SLR_Camera/vintage_slr_camera/StaticMeshes/vintage_slr_camera.uexp" 1886
"C:/Users/emanu/Documents/GitHub/FairyTaleGameJamTeam2/FairyTaleTeam2/Content/Characters/Mannequins/Anims/Pistol/Jump/MM_Pistol_Jump_Fall_Loop.uasset" 1887
"C:/Users/emanu/Documents/GitHub/FairyTaleGameJamTeam2/FairyTaleTeam2/Content/Characters/Mannequins/Anims/Pistol/Jump/MM_Pistol_Jump_Fall_Loop.uexp" 1888
"../../../Engine/Plugins/Fab/Content/MaterialFunctions/QMF_AOAdjustments.uasset" 1889
"../../../Engine/Plugins/Fab/Content/MaterialFunctions/QMF_AOAdjustments.uexp" 1890
"../../../Engine/Plugins/Fab/Content/MaterialFunctions/QMF_BaseColorAdjustments.uasset" 1891
"../../../Engine/Plugins/Fab/Content/MaterialFunctions/QMF_BaseColorAdjustments.uexp" 1892
"../../../Engine/Plugins/Fab/Content/MaterialFunctions/QMF_NormalAdjustments.uasset" 1893
"../../../Engine/Plugins/Fab/Content/MaterialFunctions/QMF_NormalAdjustments.uexp" 1894
"../../../Engine/Plugins/Fab/Content/MaterialFunctions/QMF_RoughnessAdjustments.uasset" 1895
"../../../Engine/Plugins/Fab/Content/MaterialFunctions/QMF_RoughnessAdjustments.uexp" 1896
"../../../Engine/Plugins/Fab/Content/Textures/Standard/T_DefaultColor.uasset" 1897
"../../../Engine/Plugins/Fab/Content/Textures/Standard/T_DefaultColor.uexp" 1898
"../../../Engine/Plugins/Fab/Content/Textures/Standard/T_DefaultDisplacement.uasset" 1899
"../../../Engine/Plugins/Fab/Content/Textures/Standard/T_DefaultDisplacement.uexp" 1900
"../../../Engine/Plugins/Fab/Content/Textures/Standard/T_DefaultMasks.uasset" 1901
"../../../Engine/Plugins/Fab/Content/Textures/Standard/T_DefaultMasks.uexp" 1902
"../../../Engine/Plugins/Fab/Content/Textures/Standard/T_DefaultNormal.uasset" 1903
"../../../Engine/Plugins/Fab/Content/Textures/Standard/T_DefaultNormal.uexp" 1904
"../../../Engine/Plugins/Fab/Content/Materials/Standard/M_MS_Decal.uasset" 1905
"../../../Engine/Plugins/Fab/Content/Materials/Standard/M_MS_Decal.uexp" 1906
"C:/Users/emanu/Documents/GitHub/FairyTaleGameJamTeam2/FairyTaleTeam2/Content/Fab/Megascans/Decals/Blood_Stain_sgfjdepc/Medium/sgfjdepc_tier_2/Textures/T_sgfjdepc_2K_B-O.ubulk" 1907
"C:/Users/emanu/Documents/GitHub/FairyTaleGameJamTeam2/FairyTaleTeam2/Content/Fab/Megascans/Decals/Blood_Stain_sgfjdepc/Medium/sgfjdepc_tier_2/Textures/T_sgfjdepc_2K_B-O.uasset" 1908
"C:/Users/emanu/Documents/GitHub/FairyTaleGameJamTeam2/FairyTaleTeam2/Content/Fab/Megascans/Decals/Blood_Stain_sgfjdepc/Medium/sgfjdepc_tier_2/Textures/T_sgfjdepc_2K_B-O.uexp" 1909
"C:/Users/emanu/Documents/GitHub/FairyTaleGameJamTeam2/FairyTaleTeam2/Content/Fab/Megascans/Decals/Blood_Stain_sgfjdepc/Medium/sgfjdepc_tier_2/Textures/T_sgfjdepc_2K_N.ubulk" 1910
"C:/Users/emanu/Documents/GitHub/FairyTaleGameJamTeam2/FairyTaleTeam2/Content/Fab/Megascans/Decals/Blood_Stain_sgfjdepc/Medium/sgfjdepc_tier_2/Textures/T_sgfjdepc_2K_N.uasset" 1911
"C:/Users/emanu/Documents/GitHub/FairyTaleGameJamTeam2/FairyTaleTeam2/Content/Fab/Megascans/Decals/Blood_Stain_sgfjdepc/Medium/sgfjdepc_tier_2/Textures/T_sgfjdepc_2K_N.uexp" 1912
"C:/Users/emanu/Documents/GitHub/FairyTaleGameJamTeam2/FairyTaleTeam2/Content/Fab/Megascans/Decals/Blood_Stain_sgfjdepc/Medium/sgfjdepc_tier_2/Textures/T_sgfjdepc_2K_ORM.ubulk" 1913
"C:/Users/emanu/Documents/GitHub/FairyTaleGameJamTeam2/FairyTaleTeam2/Content/Fab/Megascans/Decals/Blood_Stain_sgfjdepc/Medium/sgfjdepc_tier_2/Textures/T_sgfjdepc_2K_ORM.uasset" 1914
"C:/Users/emanu/Documents/GitHub/FairyTaleGameJamTeam2/FairyTaleTeam2/Content/Fab/Megascans/Decals/Blood_Stain_sgfjdepc/Medium/sgfjdepc_tier_2/Textures/T_sgfjdepc_2K_ORM.uexp" 1915
"C:/Users/emanu/Documents/GitHub/FairyTaleGameJamTeam2/FairyTaleTeam2/Content/Fab/Megascans/Decals/Blood_Stain_sgfjdepc/Medium/sgfjdepc_tier_2/Materials/MI_sgfjdepc.uasset" 1916
"C:/Users/emanu/Documents/GitHub/FairyTaleGameJamTeam2/FairyTaleTeam2/Content/Fab/Megascans/Decals/Blood_Stain_sgfjdepc/Medium/sgfjdepc_tier_2/Materials/MI_sgfjdepc.uexp" 1917
"../../../Engine/Plugins/Fab/Content/MaterialFunctions/QMF_Tiling.uasset" 1918
"../../../Engine/Plugins/Fab/Content/MaterialFunctions/QMF_Tiling.uexp" 1919
"../../../Engine/Plugins/Fab/Content/Materials/Standard/M_MS_Srf.uasset" 1920
"../../../Engine/Plugins/Fab/Content/Materials/Standard/M_MS_Srf.uexp" 1921
"C:/Users/emanu/Documents/GitHub/FairyTaleGameJamTeam2/FairyTaleTeam2/Content/Fab/Megascans/Surfaces/Stone_Wall_ujdiddfew/Medium/ujdiddfew_tier_2/Textures/T_ujdiddfew_2K_B.ubulk" 1922
"C:/Users/emanu/Documents/GitHub/FairyTaleGameJamTeam2/FairyTaleTeam2/Content/Fab/Megascans/Surfaces/Stone_Wall_ujdiddfew/Medium/ujdiddfew_tier_2/Textures/T_ujdiddfew_2K_B.uasset" 1923
"C:/Users/emanu/Documents/GitHub/FairyTaleGameJamTeam2/FairyTaleTeam2/Content/Fab/Megascans/Surfaces/Stone_Wall_ujdiddfew/Medium/ujdiddfew_tier_2/Textures/T_ujdiddfew_2K_B.uexp" 1924
"C:/Users/emanu/Documents/GitHub/FairyTaleGameJamTeam2/FairyTaleTeam2/Content/Fab/Megascans/Surfaces/Stone_Wall_ujdiddfew/Medium/ujdiddfew_tier_2/Textures/T_ujdiddfew_2K_N.ubulk" 1925
"C:/Users/emanu/Documents/GitHub/FairyTaleGameJamTeam2/FairyTaleTeam2/Content/Fab/Megascans/Surfaces/Stone_Wall_ujdiddfew/Medium/ujdiddfew_tier_2/Textures/T_ujdiddfew_2K_N.uasset" 1926
"C:/Users/emanu/Documents/GitHub/FairyTaleGameJamTeam2/FairyTaleTeam2/Content/Fab/Megascans/Surfaces/Stone_Wall_ujdiddfew/Medium/ujdiddfew_tier_2/Textures/T_ujdiddfew_2K_N.uexp" 1927
"C:/Users/emanu/Documents/GitHub/FairyTaleGameJamTeam2/FairyTaleTeam2/Content/Fab/Megascans/Surfaces/Stone_Wall_ujdiddfew/Medium/ujdiddfew_tier_2/Textures/T_ujdiddfew_2K_ORM.ubulk" 1928
"C:/Users/emanu/Documents/GitHub/FairyTaleGameJamTeam2/FairyTaleTeam2/Content/Fab/Megascans/Surfaces/Stone_Wall_ujdiddfew/Medium/ujdiddfew_tier_2/Textures/T_ujdiddfew_2K_ORM.uasset" 1929
"C:/Users/emanu/Documents/GitHub/FairyTaleGameJamTeam2/FairyTaleTeam2/Content/Fab/Megascans/Surfaces/Stone_Wall_ujdiddfew/Medium/ujdiddfew_tier_2/Textures/T_ujdiddfew_2K_ORM.uexp" 1930
"C:/Users/emanu/Documents/GitHub/FairyTaleGameJamTeam2/FairyTaleTeam2/Content/Fab/Megascans/Surfaces/Stone_Wall_ujdiddfew/Medium/ujdiddfew_tier_2/Materials/MI_ujdiddfew.uasset" 1931
"C:/Users/emanu/Documents/GitHub/FairyTaleGameJamTeam2/FairyTaleTeam2/Content/Fab/Megascans/Surfaces/Stone_Wall_ujdiddfew/Medium/ujdiddfew_tier_2/Materials/MI_ujdiddfew.uexp" 1932
"C:/Users/emanu/Documents/GitHub/FairyTaleGameJamTeam2/FairyTaleTeam2/Content/Fab/Megascans/Surfaces/Stone_Wall_ujdiddfew/Medium/ujdiddfew_tier_2/Textures/T_ujdiddfew_2K_B_Mat.uasset" 1933
"C:/Users/emanu/Documents/GitHub/FairyTaleGameJamTeam2/FairyTaleTeam2/Content/Fab/Megascans/Surfaces/Stone_Wall_ujdiddfew/Medium/ujdiddfew_tier_2/Textures/T_ujdiddfew_2K_B_Mat.uexp" 1934
"C:/Users/emanu/Documents/GitHub/FairyTaleGameJamTeam2/FairyTaleTeam2/Content/Fab/Megascans/Surfaces/Wooden_Planks_wckqdbvs/Medium/wckqdbvs_tier_2/Textures/T_wckqdbvs_2K_B.ubulk" 1935
"C:/Users/emanu/Documents/GitHub/FairyTaleGameJamTeam2/FairyTaleTeam2/Content/Fab/Megascans/Surfaces/Wooden_Planks_wckqdbvs/Medium/wckqdbvs_tier_2/Textures/T_wckqdbvs_2K_B.uasset" 1936
"C:/Users/emanu/Documents/GitHub/FairyTaleGameJamTeam2/FairyTaleTeam2/Content/Fab/Megascans/Surfaces/Wooden_Planks_wckqdbvs/Medium/wckqdbvs_tier_2/Textures/T_wckqdbvs_2K_B.uexp" 1937
"C:/Users/emanu/Documents/GitHub/FairyTaleGameJamTeam2/FairyTaleTeam2/Content/Fab/Megascans/Surfaces/Wooden_Planks_wckqdbvs/Medium/wckqdbvs_tier_2/Textures/T_wckqdbvs_2K_N.ubulk" 1938
"C:/Users/emanu/Documents/GitHub/FairyTaleGameJamTeam2/FairyTaleTeam2/Content/Fab/Megascans/Surfaces/Wooden_Planks_wckqdbvs/Medium/wckqdbvs_tier_2/Textures/T_wckqdbvs_2K_N.uasset" 1939
"C:/Users/emanu/Documents/GitHub/FairyTaleGameJamTeam2/FairyTaleTeam2/Content/Fab/Megascans/Surfaces/Wooden_Planks_wckqdbvs/Medium/wckqdbvs_tier_2/Textures/T_wckqdbvs_2K_N.uexp" 1940
"C:/Users/emanu/Documents/GitHub/FairyTaleGameJamTeam2/FairyTaleTeam2/Content/Fab/Megascans/Surfaces/Wooden_Planks_wckqdbvs/Medium/wckqdbvs_tier_2/Textures/T_wckqdbvs_2K_ORM.ubulk" 1941
"C:/Users/emanu/Documents/GitHub/FairyTaleGameJamTeam2/FairyTaleTeam2/Content/Fab/Megascans/Surfaces/Wooden_Planks_wckqdbvs/Medium/wckqdbvs_tier_2/Textures/T_wckqdbvs_2K_ORM.uasset" 1942
"C:/Users/emanu/Documents/GitHub/FairyTaleGameJamTeam2/FairyTaleTeam2/Content/Fab/Megascans/Surfaces/Wooden_Planks_wckqdbvs/Medium/wckqdbvs_tier_2/Textures/T_wckqdbvs_2K_ORM.uexp" 1943
"C:/Users/emanu/Documents/GitHub/FairyTaleGameJamTeam2/FairyTaleTeam2/Content/Fab/Megascans/Surfaces/Wooden_Planks_wckqdbvs/Medium/wckqdbvs_tier_2/Materials/MI_wckqdbvs.uasset" 1944
"C:/Users/emanu/Documents/GitHub/FairyTaleGameJamTeam2/FairyTaleTeam2/Content/Fab/Megascans/Surfaces/Wooden_Planks_wckqdbvs/Medium/wckqdbvs_tier_2/Materials/MI_wckqdbvs.uexp" 1945
"C:/Users/emanu/Documents/GitHub/FairyTaleGameJamTeam2/FairyTaleTeam2/Content/Level/GepettosHome.uexp" 1946
"C:/Users/emanu/Documents/GitHub/FairyTaleGameJamTeam2/FairyTaleTeam2/Content/Level/GepettosHome.umap" 1947
